,C821
3,1
4,2
6,3
11,4
14,5
15,4
18,6
19,5
20,7
21,8
22,9
23,6
24,10
25,11
26,12
28,13
31,14
36,15
37,16
38,17
39,17
41,18
43,19
44,20
45,21
46,22
48,23
50,24
51,25
54,20
56,26
59,27
60,28
62,29
66,30
67,31
68,32
71,33
74,34
78,35
84,3
85,8
87,7
88,36
90,37
91,38
92,39
94,40
96,41
97,42
98,20
99,43
109,19
112,44
114,45
115,46
116,47
119,48
123,49
124,50
129,51
130,52
131,53
132,54
134,55
135,56
136,57
140,58
142,59
143,60
145,61
146,62
147,63
148,40
149,64
150,65
151,66
152,67
155,51
158,68
162,69
163,70
164,71
167,72
173,73
175,74
177,10
178,75
181,76
183,77
184,78
185,25
187,79
188,80
190,18
192,13
196,81
197,51
198,82
200,83
201,84
203,85
206,86
207,87
209,88
213,89
214,76
216,34
217,63
219,90
220,91
221,92
222,86
223,93
225,94
226,95
227,96
230,49
232,10
235,15
236,97
237,24
241,98
243,99
245,63
246,100
248,101
249,102
250,103
251,104
252,20
254,105
256,106
259,107
261,108
262,109
264,110
265,96
266,111
267,112
268,113
276,6
277,114
278,115
279,76
280,96
282,98
284,56
286,116
287,117
289,102
290,118
291,25
292,119
295,37
296,37
297,120
298,121
300,107
301,122
302,63
304,123
305,124
306,125
309,126
311,127
312,128
313,112
314,63
317,55
318,121
319,129
322,130
325,15
327,20
329,131
334,132
335,133
338,134
339,56
341,112
342,102
344,135
345,136
346,137
349,138
350,139
355,67
357,140
358,141
360,142
361,143
363,144
367,20
368,145
369,146
372,23
373,71
375,147
377,148
378,149
382,82
385,45
386,150
390,151
392,152
394,153
396,34
397,34
398,67
400,154
402,86
405,155
406,156
408,63
410,102
411,157
412,158
413,50
414,159
417,160
421,43
422,161
423,162
424,25
425,11
426,163
427,67
428,164
430,165
432,166
433,45
434,167
435,162
436,168
437,169
439,77
442,126
443,170
446,20
447,171
450,102
451,167
452,172
453,172
454,83
456,173
457,63
458,174
460,175
465,86
468,176
470,122
471,177
473,63
474,178
476,102
478,179
481,21
482,180
483,86
484,160
487,181
488,51
495,182
498,183
499,184
500,185
503,173
505,21
508,186
511,167
512,187
518,188
519,189
521,103
528,190
530,10
534,65
537,20
538,191
540,192
541,193
542,25
544,194
545,195
549,20
550,63
551,63
554,63
555,142
557,196
558,197
559,20
560,198
563,199
565,200
566,20
570,23
571,201
576,56
580,53
581,202
590,203
591,204
593,167
594,102
595,102
597,205
598,206
599,207
602,208
603,209
604,63
605,210
606,211
610,212
611,213
613,214
615,215
616,216
618,217
620,21
621,218
622,148
623,219
624,173
626,220
627,221
628,222
629,173
630,223
631,21
635,224
636,225
638,226
642,227
643,103
644,228
646,164
647,82
651,34
653,48
654,229
655,230
656,231
657,232
664,233
665,234
666,102
667,12
670,191
671,145
673,107
675,122
677,235
679,236
680,224
682,102
683,237
685,22
687,238
689,239
692,240
695,241
696,242
697,16
698,166
699,123
701,243
702,244
703,43
707,245
708,246
712,247
716,248
718,235
721,118
722,63
725,249
727,175
731,171
733,250
735,21
736,51
742,6
744,251
746,89
747,252
748,253
750,254
751,25
752,255
756,174
758,256
761,257
762,258
765,3
767,182
768,259
771,149
772,64
778,86
779,27
781,260
782,123
783,261
784,130
787,262
789,258
792,62
795,263
796,6
797,264
799,173
803,33
805,264
806,55
808,21
810,78
813,235
814,265
815,266
816,267
817,81
818,19
819,191
821,55
822,268
823,269
828,45
832,166
834,270
837,271
838,118
840,272
846,273
849,117
850,274
851,21
853,275
854,21
855,119
856,238
857,120
858,147
861,20
864,69
865,276
867,69
868,48
872,277
874,278
875,21
877,279
878,280
881,281
882,282
883,21
884,283
886,20
887,284
889,139
890,285
894,286
895,287
896,47
899,21
906,288
907,289
908,290
910,291
911,102
914,292
918,138
919,293
923,294
924,295
925,296
927,297
932,212
935,298
936,299
937,226
938,300
939,301
941,302
942,303
943,304
945,305
946,305
948,306
950,217
954,198
956,63
957,34
958,1
959,239
960,63
962,307
965,119
966,196
968,167
969,295
970,117
971,206
972,42
973,270
974,223
975,240
978,308
981,119
982,309
983,128
984,310
985,311
986,312
987,42
990,313
991,46
992,314
996,315
997,316
998,317
1000,318
1001,319
1002,320
1003,321
1004,142
1006,322
1008,322
1009,323
1010,324
1011,325
1013,249
1014,322
1017,323
1018,173
1019,326
1021,327
1023,328
1027,21
1031,329
1033,198
1040,330
1047,103
1049,329
1052,208
1053,331
1055,34
1057,270
1063,332
1065,333
1067,277
1069,41
1072,334
1073,335
1075,336
1076,239
1078,337
1081,338
1082,339
1084,340
1086,341
1091,342
1097,339
1099,343
1101,34
1103,322
1107,344
1108,345
1111,163
1117,346
1125,63
1126,239
1127,347
1129,142
1130,348
1132,264
1134,349
1136,212
1137,112
1147,332
1152,214
1153,214
1155,350
1156,351
1157,352
1159,265
1160,55
1162,243
1163,252
1164,175
1166,353
1167,53
1172,165
1178,271
1179,292
1180,49
1187,354
1188,109
1190,166
1191,355
1197,105
1198,356
1199,63
1200,357
1212,21
1217,102
1219,313
1220,63
1227,196
1235,151
1236,65
1239,358
1241,359
1242,109
1246,25
1247,360
1248,97
1249,361
1253,362
1254,154
1256,123
1259,363
1262,364
1263,365
1264,366
1265,367
1266,368
1267,369
1269,289
1271,259
1273,21
1280,166
1285,370
1286,332
1288,371
1289,297
1291,372
1292,373
1293,39
1294,374
1295,350
1298,281
1299,132
1300,107
1301,375
1302,313
1303,376
1304,377
1305,273
1306,378
1309,118
1310,379
1311,129
1312,380
1314,20
1315,381
1317,382
1318,20
1319,20
1322,20
1325,373
1331,383
1335,384
1339,246
1340,114
1341,314
1343,372
1344,15
1345,32
1347,187
1351,385
1352,67
1355,386
1356,387
1359,388
1361,63
1362,60
1368,389
1370,104
1371,390
1373,109
1378,63
1381,51
1382,69
1384,63
1386,46
1387,391
1388,265
1389,392
1392,119
1394,393
1396,10
1399,21
1404,160
1406,63
1408,394
1411,395
1412,366
1415,308
1416,54
1417,360
1421,195
1425,47
1427,396
1428,27
1431,238
1432,102
1436,208
1437,333
1441,397
1446,134
1447,63
1448,398
1449,291
1450,91
1453,226
1454,25
1455,399
1458,63
1459,63
1460,20
1462,400
1464,4
1465,69
1466,55
1468,401
1469,193
1473,402
1475,403
1480,21
1481,151
1484,221
1485,167
1487,25
1488,25
1491,247
1493,4
1495,404
1498,34
1501,15
1504,243
1505,405
1508,7
1509,406
1511,63
1512,407
1513,137
1516,202
1517,20
1518,408
1519,6
1520,113
1521,113
1522,102
1523,25
1526,10
1529,53
1530,409
1531,56
1532,172
1539,410
1542,201
1544,411
1545,412
1546,263
1549,413
1551,21
1552,21
1553,141
1554,191
1556,414
1562,136
1564,4
1565,21
1566,102
1568,338
1570,32
1572,415
1574,3
1576,255
1577,320
1578,416
1579,239
1581,417
1586,50
1587,336
1592,123
1594,418
1596,419
1598,187
1601,420
1602,184
1604,163
1608,421
1610,422
1613,8
1617,110
1618,423
1619,408
1620,408
1621,255
1622,261
1624,118
1626,424
1628,425
1630,231
1632,426
1634,427
1636,20
1637,420
1640,117
1642,373
1643,3
1644,121
1646,428
1647,310
1649,173
1653,394
1656,334
1658,92
1660,429
1661,25
1663,430
1665,15
1668,431
1669,244
1678,432
1679,433
1687,287
1689,434
1690,435
1691,149
1693,224
1695,19
1696,148
1697,219
1701,34
1702,205
1703,436
1704,437
1709,25
1710,438
1712,439
1713,439
1716,440
1717,409
1719,441
1722,442
1723,150
1725,137
1728,60
1731,96
1732,443
1733,444
1734,445
1736,348
1737,293
1739,446
1740,148
1741,219
1744,344
1745,313
1746,445
1747,239
1749,322
1750,428
1751,63
1752,52
1754,223
1756,196
1758,181
1764,20
1767,48
1768,34
1769,447
1770,288
1771,21
1772,63
1773,21
1777,448
1778,312
1780,308
1784,21
1788,3
1789,449
1790,257
1791,63
1793,21
1794,450
1795,451
1796,311
1798,452
1799,63
1800,63
1801,453
1802,454
1803,305
1805,369
1807,63
1808,455
1809,341
1811,456
1812,20
1813,177
1814,419
1817,160
1820,457
1821,51
1822,51
1826,173
1830,55
1833,378
1835,458
1837,153
1840,165
1842,459
1843,166
1844,398
1845,103
1847,55
1849,149
1850,460
1851,461
1852,242
1853,121
1856,426
1859,236
1862,462
1863,63
1864,463
1869,464
1874,465
1875,21
1878,6
1879,153
1881,231
1882,65
1883,131
1885,466
1886,90
1887,21
1888,467
1893,254
1897,122
1901,246
1902,468
1904,469
1906,382
1908,60
1911,166
1913,103
1915,470
1916,11
1918,471
1920,62
1921,43
1922,472
1923,25
1924,215
1927,473
1928,474
1929,10
1930,475
1932,476
1933,477
1935,478
1936,405
1937,479
1938,322
1939,480
1940,481
1942,482
1943,483
1945,305
1946,96
1949,76
1950,484
1951,485
1952,486
1954,96
1955,96
1956,424
1958,123
1961,487
1962,155
1963,63
1964,488
1965,390
1966,96
1967,489
1969,482
1970,175
1971,490
1972,37
1974,25
1975,491
1976,166
1979,55
1981,492
1982,175
1983,493
1986,21
1988,494
1997,378
2000,495
2003,21
2004,50
2005,133
2009,63
2011,63
2014,496
2015,497
2018,498
2019,499
2020,39
2021,481
2023,104
2024,58
2028,51
2032,51
2041,500
2043,172
2045,32
2048,106
2050,255
2052,161
2054,51
2055,67
2056,419
2058,4
2060,360
2062,501
2064,472
2066,190
2067,175
2069,63
2071,216
2072,363
2074,61
2075,379
2076,92
2078,191
2081,25
2082,502
2083,63
2086,503
2087,469
2088,248
2089,63
2092,504
2097,21
2098,142
2106,21
2109,55
2112,247
2114,457
2117,505
2118,91
2119,63
2122,260
2123,102
2128,167
2130,443
2133,506
2134,163
2136,114
2139,118
2143,25
2146,507
2147,508
2149,509
2150,510
2152,16
2154,51
2157,167
2158,166
2159,160
2160,511
2161,512
2164,51
2165,51
2169,241
2171,218
2172,334
2174,397
2175,175
2176,56
2177,491
2178,163
2180,513
2181,63
2182,468
2183,514
2184,515
2185,88
2187,33
2188,186
2189,336
2190,493
2191,42
2193,376
2194,25
2195,118
2197,404
2200,187
2202,48
2208,291
2212,213
2216,516
2218,149
2219,517
2220,188
2222,21
2223,172
2224,518
2225,519
2227,63
2229,518
2230,93
2232,506
2233,197
2234,102
2237,29
2239,257
2240,520
2242,163
2244,313
2245,375
2246,521
2247,522
2250,63
2256,151
2258,366
2260,167
2261,523
2262,63
2263,524
2264,525
2266,526
2267,66
2269,518
2271,347
2272,324
2273,300
2275,524
2277,527
2278,305
2285,528
2287,63
2288,34
2289,529
2290,530
2291,531
2292,392
2293,532
2294,22
2295,339
2297,533
2300,20
2301,534
2302,535
2306,536
2310,261
2315,21
2316,6
2318,441
2320,230
2322,360
2323,234
2326,148
2327,167
2328,537
2330,370
2331,404
2334,191
2338,300
2340,63
2343,481
2345,20
2346,63
2349,469
2351,407
2352,248
2353,360
2358,538
2359,36
2360,24
2362,22
2363,539
2366,22
2367,286
2368,37
2369,37
2370,327
2375,513
2376,540
2378,541
2380,239
2381,364
2382,198
2383,254
2385,542
2387,223
2389,211
2391,15
2392,305
2393,529
2394,348
2395,18
2396,63
2398,34
2400,63
2401,543
2402,305
2403,544
2410,96
2414,545
2415,187
2416,546
2419,50
2421,547
2422,235
2423,548
2424,549
2429,25
2430,404
2431,144
2433,289
2436,550
2437,10
2438,96
2440,551
2441,163
2443,10
2444,552
2447,553
2449,20
2450,20
2452,202
2453,21
2454,54
2455,246
2457,450
2459,554
2461,159
2462,102
2463,45
2466,10
2467,109
2468,10
2469,363
2471,555
2472,556
2473,557
2477,558
2479,559
2480,221
2483,48
2484,560
2485,63
2487,547
2489,11
2490,561
2492,562
2493,63
2494,63
2495,64
2496,436
2498,563
2499,20
2502,63
2503,124
2504,215
2506,79
2514,22
2516,51
2521,54
2524,564
2526,72
2527,86
2528,404
2529,63
2531,38
2532,34
2534,483
2535,207
2536,1
2538,207
2539,227
2541,174
2544,102
2545,152
2551,479
2552,280
2554,76
2555,290
2558,24
2559,96
2562,296
2565,37
2569,361
2573,565
2574,190
2579,566
2580,237
2581,567
2582,136
2583,568
2584,569
2585,570
2586,163
2587,67
2588,21
2590,372
2591,562
2593,161
2594,174
2595,174
2599,571
2600,572
2601,433
2603,413
2604,214
2605,521
2609,34
2612,214
2614,196
2615,142
2616,573
2617,306
2618,574
2622,33
2623,479
2626,229
2627,96
2628,575
2629,63
2630,63
2631,63
2632,63
2633,576
2636,552
2638,60
2639,510
2640,545
2641,577
2642,213
2643,578
2646,191
2648,568
2649,103
2651,142
2656,263
2657,286
2660,298
2663,579
2664,580
2665,380
2670,446
2671,322
2673,581
2675,328
2676,141
2677,582
2678,583
2679,584
2680,585
2681,172
2684,313
2685,37
2686,63
2687,214
2688,586
2693,587
2695,267
2697,86
2702,588
2704,589
2705,477
2706,590
2707,63
2709,34
2713,45
2714,248
2717,235
2719,77
2720,543
2722,20
2725,396
2726,34
2729,326
2731,591
2734,499
2736,136
2737,165
2738,63
2739,592
2740,161
2745,580
2747,226
2748,305
2751,118
2755,1
2757,5
2761,560
2762,346
2763,593
2766,594
2768,575
2770,96
2771,595
2772,596
2775,576
2778,96
2779,303
2780,264
2782,264
2784,268
2787,103
2788,362
2789,452
2790,102
2791,381
2792,420
2793,10
2794,38
2795,502
2797,76
2798,597
2799,479
2800,576
2802,157
2803,63
2804,33
2805,41
2806,598
2808,486
2809,76
2810,85
2812,165
2815,15
2816,101
2818,96
2820,482
2822,216
2825,599
2826,163
2827,14
2828,408
2832,600
2837,113
2841,10
2843,113
2844,482
2845,485
2847,74
2848,25
2850,601
2851,482
2852,76
2854,424
2855,24
2856,482
2858,163
2859,602
2861,133
2862,67
2864,466
2865,255
2866,103
2868,6
2869,397
2870,603
2872,604
2873,174
2874,248
2877,440
2878,221
2879,576
2882,21
2884,605
2885,576
2888,436
2890,114
2896,475
2899,504
2901,178
2902,253
2903,332
2904,501
2905,519
2907,606
2911,67
2912,261
2913,142
2917,443
2918,240
2921,446
2924,27
2929,345
2932,199
2933,96
2937,191
2938,607
2939,416
2941,333
2946,305
2947,531
2949,490
2950,132
2953,194
2955,608
2957,196
2958,411
2959,132
2960,609
2961,285
2962,610
2963,239
2964,185
2965,611
2966,63
2967,525
2970,20
2973,63
2978,20
2979,612
2980,613
2981,20
2982,614
2983,348
2986,240
2987,239
2988,201
2989,348
2990,370
2992,63
2993,615
2994,413
2995,616
2996,63
3001,239
3003,379
3004,34
3005,543
3011,384
3012,559
3015,264
3016,375
3017,223
3018,20
3028,51
3031,576
3032,347
3036,617
3040,618
3041,594
3043,414
3044,20
3045,456
3046,142
3048,305
3049,619
3052,63
3054,620
3055,609
3057,79
3058,521
3060,456
3062,621
3069,622
3071,623
3072,240
3073,20
3076,313
3080,303
3081,595
3083,20
3085,624
3086,605
3088,226
3089,439
3090,63
3093,543
3094,1
3100,20
3101,625
3102,336
3109,48
3110,7
3111,7
3114,554
3117,273
3119,97
3120,14
3121,397
3123,626
3125,593
3126,438
3129,627
3130,226
3132,220
3134,10
3136,628
3139,16
3140,61
3142,270
3145,407
3146,305
3147,629
3148,630
3149,196
3150,513
3152,418
3155,631
3157,130
3158,191
3160,348
3161,173
3162,481
3164,210
3165,632
3166,453
3167,633
3168,634
3170,449
3171,635
3173,636
3174,45
3175,202
3176,263
3177,11
3179,223
3180,303
3184,306
3187,591
3188,142
3192,637
3193,63
3196,21
3197,133
3198,638
3199,286
3200,488
3202,20
3205,198
3206,639
3207,248
3208,150
3209,67
3210,155
3213,640
3217,625
3219,451
3222,239
3224,113
3225,63
3228,641
3229,617
3232,96
3234,44
3235,541
3236,168
3238,192
3240,642
3242,15
3244,643
3245,546
3246,96
3249,644
3251,96
3252,76
3255,645
3256,101
3265,173
3268,287
3271,119
3276,469
3277,63
3278,181
3279,507
3280,526
3283,442
3285,532
3286,595
3288,646
3290,297
3291,118
3293,647
3294,111
3295,244
3297,648
3300,552
3304,376
3305,649
3307,469
3309,223
3312,482
3313,10
3317,20
3319,650
3320,310
3322,651
3324,171
3327,63
3332,63
3338,186
3342,403
3344,635
3346,361
3349,77
3350,401
3352,63
3358,239
3360,54
3362,63
3364,500
3365,134
3366,314
3367,389
3370,652
3374,67
3376,53
3378,70
3380,67
3386,202
3387,238
3389,653
3390,20
3391,12
3392,297
3395,142
3396,21
3398,654
3399,97
3403,60
3405,488
3407,424
3409,655
3411,628
3412,56
3413,45
3414,656
3415,657
3417,36
3422,150
3430,483
3433,404
3434,163
3437,76
3438,658
3441,118
3443,142
3445,21
3447,420
3448,54
3450,533
3451,659
3452,168
3453,660
3454,120
3455,40
3457,257
3459,63
3463,403
3465,25
3466,480
3467,614
3469,601
3473,101
3474,20
3476,25
3478,172
3481,661
3482,643
3483,10
3485,166
3486,545
3489,92
3491,43
3496,568
3497,41
3498,96
3499,199
3501,67
3502,585
3504,25
3505,25
3506,120
3507,662
3509,173
3510,136
3514,663
3516,227
3520,20
3521,13
3523,41
3526,166
3527,254
3528,664
3529,173
3530,173
3531,665
3536,507
3537,508
3540,86
3544,666
3547,336
3549,258
3550,80
3556,120
3557,204
3559,667
3561,168
3562,7
3563,668
3566,63
3567,385
3568,443
3572,102
3574,342
3576,149
3578,53
3579,242
3581,21
3582,21
3583,669
3586,27
3589,339
3590,20
3591,670
3593,575
3596,664
3598,671
3599,671
3601,63
3602,191
3603,646
3607,672
3610,234
3611,157
3614,514
3615,163
3616,228
3619,305
3620,34
3622,220
3623,63
3624,579
3625,527
3626,177
3627,673
3628,229
3630,96
3631,163
3632,424
3635,20
3636,287
3638,491
3639,674
3642,63
3644,112
3646,652
3648,21
3651,535
3652,226
3657,636
3658,636
3662,476
3663,497
3666,21
3667,15
3669,7
3670,657
3671,440
3674,605
3675,302
3679,102
3683,675
3686,98
3687,107
3689,557
3691,87
3692,503
3693,676
3694,128
3695,168
3700,102
3702,71
3703,476
3704,210
3705,673
3706,677
3708,461
3709,63
3711,248
3714,672
3715,678
3716,34
3718,474
3719,122
3720,37
3721,254
3722,533
3724,679
3727,680
3728,681
3730,390
3731,682
3732,184
3733,658
3735,34
3737,123
3739,291
3741,253
3742,18
3743,142
3745,683
3747,167
3749,167
3750,82
3751,63
3752,97
3755,196
3757,63
3758,21
3764,63
3768,636
3771,22
3772,18
3773,78
3774,34
3775,14
3781,1
3784,305
3785,456
3788,15
3791,630
3792,684
3793,14
3794,685
3795,63
3802,413
3804,165
3806,342
3813,385
3817,379
3820,318
3822,610
3823,20
3824,473
3825,444
3826,318
3827,20
3828,285
3830,557
3831,686
3832,495
3834,349
3835,396
3836,624
3837,208
3838,63
3839,687
3840,688
3841,315
3843,445
3844,67
3845,63
3849,413
3850,350
3851,198
3852,20
3853,498
3854,37
3856,191
3857,320
3862,142
3863,689
3864,446
3867,198
3871,221
3872,681
3873,255
3874,118
3878,246
3880,52
3881,305
3885,449
3887,141
3888,690
3889,370
3890,117
3893,290
3895,691
3897,86
3899,142
3900,142
3901,178
3902,296
3903,386
3905,267
3906,196
3907,692
3909,346
3911,48
3914,305
3915,147
3916,89
3920,680
3921,468
3922,25
3923,693
3925,240
3927,194
3929,34
3930,694
3931,63
3932,63
3934,239
3935,695
3942,696
3943,34
3946,490
3950,86
3955,223
3956,31
3957,172
3958,697
3959,316
3960,698
3961,687
3962,557
3963,498
3964,369
3965,699
3966,318
3967,700
3968,511
3969,63
3970,701
3971,702
3973,703
3976,142
3978,20
3979,63
3980,63
3981,704
3982,34
3985,490
3986,214
3987,383
3994,296
3997,182
3999,63
4001,86
4002,25
4004,376
4006,102
4007,492
4008,705
4010,209
4011,34
4012,524
4013,525
4014,407
4016,329
4017,706
4019,254
4021,86
4022,118
4030,254
4033,420
4037,78
4038,166
4039,282
4040,153
4041,360
4042,596
4045,273
4049,619
4050,697
4051,20
4052,699
4053,63
4056,707
4062,290
4063,160
4065,494
4066,457
4068,568
4069,43
4072,118
4075,60
4077,708
4078,613
4081,305
4083,190
4084,102
4089,318
4090,317
4092,43
4093,20
4096,557
4097,369
4098,368
4099,25
4100,350
4103,707
4107,459
4110,396
4112,336
4113,336
4115,281
4117,338
4119,426
4120,709
4122,683
4123,41
4124,381
4125,571
4129,55
4132,67
4133,710
4136,578
4137,462
4139,173
4140,253
4142,14
4145,443
4146,711
4147,173
4150,277
4151,42
4153,712
4156,63
4158,6
4161,713
4163,102
4166,210
4168,96
4169,714
4171,61
4172,34
4174,685
4177,715
4178,175
4180,204
4182,716
4183,65
4184,701
4186,717
4190,539
4191,117
4192,20
4193,409
4195,718
4198,339
4199,63
4200,21
4201,131
4207,243
4208,719
4211,118
4212,720
4217,492
4219,406
4220,18
4221,16
4222,721
4225,460
4228,48
4231,30
4233,360
4235,20
4237,21
4239,58
4240,722
4242,723
4243,280
4244,51
4246,360
4247,485
4249,76
4250,343
4252,56
4255,195
4257,96
4258,21
4259,642
4260,262
4261,351
4265,552
4266,724
4267,96
4269,80
4273,221
4277,147
4281,33
4282,243
4283,725
4284,372
4288,21
4293,240
4304,712
4306,441
4307,142
4308,726
4310,21
4311,239
4312,420
4313,232
4314,21
4315,15
4316,176
4317,21
4318,219
4320,240
4322,563
4323,468
4325,671
4326,26
4327,235
4328,549
4330,543
4332,118
4333,727
4335,25
4336,167
4337,10
4341,367
4344,352
4347,60
4356,34
4358,34
4361,456
4366,543
4367,196
4368,56
4375,668
4377,336
4379,234
4382,705
4384,120
4386,27
4388,117
4389,163
4393,281
4397,317
4399,655
4404,21
4407,63
4410,195
4416,163
4425,60
4427,34
4428,169
4429,728
4431,85
4432,331
4433,412
4435,96
4437,302
4438,55
4441,198
4442,692
4443,209
4444,67
4447,455
4448,63
4449,142
4450,524
4451,581
4452,198
4455,332
4456,142
4457,515
4459,34
4461,96
4462,63
4467,264
4469,704
4470,102
4471,628
4472,729
4474,730
4476,142
4479,21
4482,34
4485,63
4488,350
4490,422
4492,731
4494,118
4498,114
4499,290
4502,578
4503,424
4504,96
4505,10
4506,76
4507,101
4508,10
4510,2
4511,732
4513,363
4514,451
4516,642
4517,21
4518,21
4520,431
4521,114
4522,690
4523,733
4524,160
4525,734
4526,230
4527,67
4534,21
4536,297
4538,173
4539,353
4541,160
4542,259
4543,166
4547,313
4549,264
4553,22
4556,28
4557,378
4558,22
4559,56
4560,676
4561,30
4565,112
4566,76
4568,113
4569,314
4570,112
4571,96
4572,21
4574,56
4575,14
4576,419
4577,254
4578,223
4581,662
4582,152
4583,363
4585,236
4588,489
4589,102
4592,21
4593,18
4594,460
4595,183
4597,111
4598,63
4599,285
4600,285
4601,538
4603,32
4605,203
4607,735
4610,163
4611,120
4613,63
4614,163
4619,25
4620,25
4623,10
4626,424
4632,21
4635,220
4637,431
4638,674
4641,106
4645,155
4647,49
4650,10
4651,63
4653,732
4654,97
4655,121
4656,70
4659,424
4660,328
4662,651
4663,651
4665,736
4667,24
4668,96
4670,482
4671,484
4672,96
4674,101
4676,482
4678,605
4681,497
4686,191
4687,572
4689,51
4690,51
4693,441
4694,545
4695,18
4699,286
4701,737
4702,559
4703,70
4706,82
4707,149
4712,118
4714,63
4715,41
4716,118
4717,102
4720,343
4721,733
4722,177
4731,196
4733,63
4734,102
4735,568
4737,727
4739,222
4742,721
4744,351
4745,56
4746,126
4749,738
4752,400
4758,286
4759,142
4761,11
4765,260
4766,175
4767,96
4770,76
4774,514
4775,60
4777,185
4780,142
4786,427
4787,550
4788,76
4789,514
4790,639
4792,223
4794,243
4798,100
4802,53
4805,402
4807,67
4810,172
4811,34
4812,408
4813,221
4814,76
4816,102
4818,513
4819,244
4822,569
4823,379
4824,51
4825,27
4827,160
4829,163
4830,163
4831,25
4832,63
4834,362
4839,51
4841,670
4844,245
4846,482
4847,10
4850,650
4851,221
4852,420
4853,21
4854,482
4855,485
4856,188
4857,242
4858,666
4860,643
4861,112
4863,628
4865,482
4867,670
4868,96
4870,274
4871,76
4872,512
4873,166
4874,21
4876,279
4882,191
4885,104
4890,7
4895,649
4897,65
4899,118
4901,739
4902,20
4904,114
4910,228
4915,351
4917,16
4918,63
4919,457
4923,40
4924,718
4927,128
4930,102
4931,708
4933,248
4934,11
4935,232
4936,63
4938,657
4939,664
4940,20
4941,67
4942,20
4943,20
4944,67
4947,740
4948,286
4949,741
4951,61
4955,468
4956,373
4958,704
4959,669
4968,43
4970,392
4976,92
4977,742
4979,441
4980,743
4983,198
4987,65
4991,402
4996,120
4997,120
4998,295
4999,56
5000,56
5001,434
5002,136
5004,160
5005,242
5007,122
5009,33
5010,570
5011,744
5016,51
5021,342
5022,20
5023,55
5024,719
5025,534
5030,166
5031,334
5035,21
5038,290
5041,745
5043,163
5046,63
5047,575
5054,20
5055,67
5057,290
5058,102
5066,67
5068,374
5069,698
5071,63
5073,160
5075,198
5076,640
5077,63
5085,142
5086,197
5087,63
5089,311
5090,610
5092,1
5094,1
5095,240
5099,703
5101,275
5102,22
5104,191
5114,548
5117,3
5119,372
5120,130
5124,118
5126,60
5127,426
5130,175
5131,118
5133,122
5137,122
5138,34
5139,167
5140,295
5141,746
5142,174
5143,404
5144,53
5145,252
5148,458
5149,747
5151,108
5152,180
5153,178
5154,240
5157,586
5159,748
5161,43
5164,56
5165,191
5166,411
5167,142
5168,349
5169,527
5170,239
5172,139
5179,230
5183,231
5185,425
5186,254
5187,706
5190,21
5191,118
5192,28
5194,365
5196,398
5200,18
5201,742
5202,25
5203,545
5204,336
5205,117
5206,145
5207,161
5208,118
5210,665
5211,290
5213,505
5214,578
5215,675
5218,21
5219,55
5221,172
5222,361
5223,351
5228,173
5233,21
5234,123
5237,740
5241,367
5244,160
5246,190
5248,629
5250,471
5251,151
5252,749
5253,21
5254,86
5256,290
5258,122
5263,638
5267,644
5268,406
5276,353
5278,18
5282,20
5283,196
5285,695
5286,20
5288,20
5289,350
5290,201
5291,697
5292,350
5293,413
5295,63
5296,371
5297,421
5300,350
5304,689
5305,34
5307,63
5308,311
5316,750
5317,443
5320,63
5321,142
5322,751
5324,63
5326,63
5328,20
5330,63
5332,209
5333,223
5334,752
5335,209
5337,753
5338,626
5339,350
5341,34
5342,328
5344,20
5345,186
5346,265
5350,209
5353,30
5356,82
5358,633
5359,544
5360,729
5362,183
5365,296
5368,130
5370,731
5371,156
5373,629
5374,754
5377,642
5379,659
5382,352
5387,15
5388,15
5389,21
5390,102
5391,532
5395,63
5396,21
5399,163
5402,577
5404,234
5408,39
5409,737
5410,114
5412,476
5416,191
5417,123
5418,532
5419,682
5420,502
5421,386
5423,81
5429,286
5431,427
5433,725
5434,142
5437,20
5438,357
5441,150
5444,388
5446,54
5451,240
5452,121
5454,43
5455,387
5456,166
5457,172
5458,111
5460,21
5462,3
5463,167
5464,227
5467,480
5468,239
5470,221
5471,18
5473,146
5474,25
5476,755
5483,71
5484,6
5485,70
5486,443
5487,286
5489,160
5490,35
5491,175
5494,756
5495,25
5496,513
5502,757
5503,533
5504,241
5506,15
5509,758
5511,727
5512,499
5514,394
5516,720
5517,20
5518,759
5521,108
5524,276
5527,730
5531,279
5535,35
5536,103
5541,365
5543,760
5545,677
5550,154
5554,761
5564,149
5565,362
5566,49
5567,762
5568,242
5571,166
5573,619
5574,763
5577,78
5578,119
5580,394
5585,383
5591,21
5592,173
5593,25
5595,13
5597,764
5598,118
5599,209
5600,37
5601,421
5603,410
5604,750
5605,117
5606,34
5607,239
5608,171
5612,669
5614,713
5617,86
5618,524
5619,455
5620,115
5629,66
5630,174
5631,303
5636,646
5638,765
5640,55
5641,766
5643,55
5644,537
5645,448
5646,152
5647,720
5648,251
5649,7
5651,542
5656,126
5657,735
5658,629
5660,20
5663,325
5664,290
5666,96
5668,482
5671,96
5672,552
5673,275
5678,600
5679,63
5680,161
5681,140
5682,102
5683,642
5687,118
5690,46
5692,722
5699,21
5710,365
5712,755
5714,576
5715,628
5716,570
5718,579
5719,167
5723,494
5736,767
5737,677
5738,120
5741,768
5742,674
5745,96
5746,542
5747,643
5749,10
5750,72
5751,21
5754,691
5755,65
5756,65
5757,224
5759,216
5763,691
5764,219
5766,21
5767,719
5768,63
5769,116
5770,769
5771,63
5773,292
5774,163
5775,770
5776,262
5779,25
5781,771
5784,253
5785,67
5787,709
5791,568
5792,80
5796,118
5797,245
5800,376
5802,534
5803,631
5804,228
5807,163
5808,20
5809,111
5811,713
5813,281
5814,564
5816,255
5817,172
5820,172
5821,56
5822,53
5823,772
5824,500
5825,63
5826,63
5827,25
5829,75
5832,25
5834,773
5836,592
5837,604
5839,204
5840,53
5841,174
5843,25
5844,713
5846,120
5847,325
5849,223
5850,102
5851,50
5852,43
5855,102
5858,105
5859,43
5860,545
5865,167
5867,96
5871,234
5872,714
5873,443
5875,406
5877,345
5881,7
5882,147
5886,118
5887,34
5888,15
5889,440
5891,212
5894,440
5895,412
5898,707
5899,734
5900,17
5903,18
5905,157
5906,34
5911,6
5914,27
5915,294
5918,56
5919,413
5921,761
5922,648
5925,198
5929,451
5932,273
5934,134
5935,297
5940,130
5944,34
5945,313
5946,452
5947,21
5949,67
5950,582
5952,1
5954,690
5956,300
5957,63
5961,571
5966,579
5968,239
5969,285
5970,717
5971,626
5975,648
5976,424
5977,239
5978,724
5980,774
5985,775
5987,198
5989,223
5990,576
5991,198
5993,63
5996,666
5998,192
5999,96
6004,424
6007,198
6009,509
6010,515
6011,776
6012,413
6013,424
6015,296
6018,421
6019,63
6020,624
6023,34
6025,299
6029,689
6030,777
6033,411
6036,297
6037,63
6039,410
6040,348
6041,63
6043,386
6047,778
6048,63
6050,63
6051,641
6053,453
6054,700
6055,481
6057,621
6058,481
6059,20
6061,67
6065,312
6067,303
6068,358
6070,558
6071,15
6072,43
6073,25
6074,181
6075,181
6076,181
6078,174
6080,21
6083,153
6084,779
6085,16
6088,766
6090,216
6091,251
6093,257
6095,193
6096,56
6103,67
6109,191
6114,55
6117,8
6120,21
6122,60
6125,60
6126,63
6127,540
6131,728
6132,102
6134,45
6135,167
6136,502
6139,342
6141,465
6148,402
6152,623
6157,269
6159,22
6162,677
6164,118
6166,21
6167,360
6168,63
6170,451
6174,160
6176,662
6177,355
6179,56
6181,220
6182,36
6184,780
6185,15
6187,63
6188,301
6191,345
6193,303
6194,21
6198,51
6200,433
6204,173
6206,123
6208,186
6209,118
6210,65
6214,120
6223,232
6224,102
6225,331
6226,764
6227,764
6230,532
6231,198
6233,781
6234,561
6239,437
6241,392
6242,144
6244,109
6245,507
6248,706
6250,392
6251,782
6255,336
6258,243
6259,68
6265,45
6269,773
6270,25
6271,118
6274,404
6277,244
6279,238
6280,68
6283,25
6284,25
6285,25
6287,516
6288,82
6289,783
6293,475
6297,637
6298,150
6299,328
6301,21
6303,21
6304,163
6305,61
6316,784
6317,302
6318,485
6319,627
6320,174
6322,223
6323,96
6324,630
6326,63
6327,584
6328,321
6329,785
6330,423
6332,272
6335,249
6336,442
6337,60
6341,536
6342,345
6346,34
6348,593
6351,336
6354,160
6355,256
6356,732
6357,96
6359,76
6360,552
6361,680
6363,640
6364,682
6365,179
6366,786
6368,25
6370,787
6371,788
6372,63
6375,737
6376,724
6377,574
6379,594
6380,622
6384,196
6387,737
6389,37
6390,344
6392,63
6395,424
6396,25
6399,239
6402,651
6403,96
6405,96
6407,76
6409,482
6410,20
6411,463
6412,424
6415,6
6416,122
6417,51
6418,360
6419,196
6420,10
6423,532
6424,63
6426,598
6427,299
6430,588
6431,96
6432,65
6433,285
6434,318
6435,555
6436,450
6441,290
6443,767
6447,63
6448,305
6449,393
6451,346
6452,103
6455,63
6457,314
6458,49
6459,49
6463,337
6464,394
6465,763
6466,25
6467,680
6468,21
6469,643
6472,704
6474,638
6476,76
6477,789
6483,112
6491,119
6493,166
6496,290
6498,118
6499,165
6500,118
6501,136
6504,254
6508,254
6513,68
6515,336
6518,618
6519,240
6521,63
6523,371
6524,470
6526,63
6527,63
6528,572
6530,790
6532,63
6533,99
6535,742
6542,20
6543,133
6549,118
6550,128
6557,297
6558,20
6559,22
6560,167
6561,86
6562,167
6563,722
6569,552
6572,347
6573,20
6575,533
6576,203
6578,118
6579,111
6580,151
6581,151
6582,724
6583,500
6585,151
6588,20
6589,149
6591,222
6592,21
6594,56
6595,133
6596,653
6597,420
6598,42
6600,20
6602,21
6606,462
6607,30
6609,505
6610,118
6612,21
6613,21
6615,548
6616,791
6620,299
6622,704
6626,48
6629,25
6633,552
6638,113
6640,739
6641,96
6642,645
6644,294
6645,113
6649,402
6650,584
6656,173
6657,173
6659,45
6663,758
6667,748
6668,48
6669,27
6676,403
6678,167
6681,330
6682,776
6685,38
6688,127
6689,221
6690,728
6692,483
6693,32
6694,67
6698,571
6701,755
6705,275
6708,123
6709,642
6710,382
6711,124
6712,724
6714,191
6719,126
6720,744
6724,135
6725,63
6726,792
6729,722
6731,63
6732,63
6733,63
6735,519
6736,519
6738,63
6739,99
6742,63
6743,52
6744,747
6749,63
6751,63
6752,63
6753,793
6754,137
6757,794
6760,389
6761,63
6762,63
6764,61
6765,118
6766,391
6768,63
6769,102
6773,63
6774,34
6775,84
6776,364
6783,118
6787,747
6788,56
6792,429
6794,180
6795,163
6796,765
6797,59
6800,534
6802,136
6805,99
6808,377
6809,20
6811,719
6814,55
6816,196
6818,534
6820,102
6821,120
6826,94
6830,286
6832,63
6834,21
6837,766
6839,21
6843,693
6844,63
6846,21
6847,377
6851,507
6852,240
6853,404
6854,21
6856,115
6857,647
6859,480
6860,795
6862,45
6866,794
6869,34
6870,729
6872,652
6873,435
6876,10
6877,113
6878,67
6879,678
6881,250
6882,25
6883,189
6885,6
6888,161
6889,379
6890,56
6891,540
6896,95
6897,274
6902,734
6905,273
6907,20
6908,699
6909,683
6911,266
6912,585
6913,63
6914,796
6915,318
6916,686
6917,266
6918,63
6919,797
6920,316
6921,347
6922,688
6923,20
6924,15
6925,633
6926,63
6927,798
6930,618
6932,63
6934,346
6937,120
6938,63
6939,634
6940,25
6941,305
6944,112
6950,597
6951,22
6952,77
6953,464
6961,380
6962,528
6963,729
6964,573
6965,20
6966,20
6967,743
6968,214
6969,20
6971,704
6972,132
6973,622
6974,481
6975,305
6976,63
6977,142
6980,639
6981,328
6982,600
6983,34
6985,80
6988,503
6989,454
6990,620
6995,237
6998,34
6999,752
7000,34
7002,792
7003,34
7004,173
7005,229
7009,704
7013,404
7019,516
7020,25
7021,564
7024,479
7025,223
7026,20
7027,799
7028,786
7031,173
7032,25
7034,63
7035,63
7038,86
7039,449
7040,182
7042,305
7043,25
7045,761
7051,63
7052,210
7053,529
7054,800
7055,616
7056,586
7058,20
7061,63
7062,801
7063,142
7066,370
7069,220
7070,795
7072,25
7073,736
7074,63
7075,562
7080,143
7084,121
7085,680
7086,43
7087,239
7088,771
7089,561
7092,518
7093,545
7095,43
7097,25
7098,420
7099,535
7102,545
7103,25
7104,432
7105,772
7106,255
7109,241
7110,467
7111,467
7114,22
7116,25
7117,469
7119,757
7124,334
7125,436
7126,706
7128,163
7130,509
7132,173
7133,404
7136,20
7141,296
7142,177
7145,382
7146,212
7149,536
7151,594
7153,142
7158,493
7162,200
7163,266
7164,630
7165,583
7166,802
7167,701
7168,797
7169,474
7174,477
7175,240
7176,588
7178,735
7183,479
7184,63
7185,711
7187,63
7195,803
7200,707
7202,586
7206,804
7211,524
7214,569
7217,456
7219,805
7221,210
7224,358
7225,695
7226,525
7227,383
7231,305
7232,553
7234,806
7235,395
7236,783
7237,63
7242,239
7243,304
7244,529
7246,63
7247,20
7250,606
7253,194
7256,150
7258,777
7260,370
7261,800
7262,142
7263,608
7264,497
7269,396
7274,20
7275,210
7276,707
7277,324
7278,350
7279,715
7281,764
7283,627
7284,20
7285,63
7286,775
7288,210
7289,313
7293,497
7294,63
7299,63
7300,632
7302,512
7303,63
7304,522
7305,305
7306,1
7307,20
7308,196
7309,481
7310,556
7311,34
7312,20
7313,63
7314,34
7315,63
7316,807
7317,305
7318,528
7319,451
7320,610
7321,808
7323,583
7324,584
7325,702
7326,701
7329,305
7330,588
7333,1
7334,10
7337,348
7338,197
7340,210
7341,307
7342,479
7343,305
7351,214
7352,800
7353,589
7354,621
7355,766
7358,102
7359,809
7360,790
7362,503
7366,745
7367,24
7371,76
7372,724
7373,24
7375,96
7376,482
7377,396
7378,522
7379,608
7381,20
7384,86
7385,240
7387,456
7388,163
7389,210
7390,810
7394,63
7395,278
7396,811
7397,63
7398,319
7399,555
7400,692
7402,583
7403,597
7404,474
7405,474
7406,785
7407,209
7408,810
7409,63
7412,370
7414,63
7415,454
7416,777
7419,67
7420,778
7422,800
7423,86
7425,63
7427,63
7428,240
7430,328
7431,630
7435,239
7437,624
7438,313
7439,339
7442,239
7443,63
7444,601
7445,67
7446,258
7447,601
7448,424
7449,768
7450,549
7454,67
7456,317
7457,223
7458,416
7459,445
7460,495
7464,810
7473,764
7475,657
7479,608
7481,123
7483,752
7484,423
7487,452
7488,543
7489,20
7491,543
7493,120
7494,553
7495,341
7496,20
7498,132
7500,63
7501,198
7504,198
7506,63
7508,633
7509,456
7510,63
7513,63
7515,529
7516,251
7518,210
7520,63
7521,198
7523,337
7524,753
7525,173
7527,196
7529,305
7530,497
7532,690
7534,633
7535,751
7536,23
7537,812
7540,142
7541,63
7543,813
7546,809
7547,553
7550,313
7551,63
7554,48
7556,63
7558,198
7559,530
7561,806
7563,15
7564,76
7565,63
7566,93
7567,239
7568,339
7572,552
7577,807
7578,142
7579,348
7580,208
7583,264
7585,591
7589,590
7590,20
7591,350
7596,25
7597,36
7600,494
7601,664
7602,663
7605,750
7607,412
7609,412
7610,20
7611,639
7612,27
7615,605
7617,212
7621,505
7622,70
7624,589
7626,305
7627,557
7629,20
7631,63
7632,318
7633,543
7634,622
7635,622
7636,344
7637,347
7638,382
7639,63
7642,67
7643,324
7644,20
7645,779
7646,814
7647,63
7648,106
7649,240
7651,34
7653,63
7654,794
7655,191
7656,329
7659,612
7660,20
7661,20
7662,486
7664,612
7665,142
7669,20
7672,690
7674,626
7678,198
7679,63
7681,348
7683,210
7690,750
7692,383
7693,530
7695,613
7697,371
7700,63
7701,599
7702,63
7705,544
7706,738
7708,657
7709,340
7711,704
7714,815
7715,63
7719,313
7720,194
7722,400
7726,63
7727,816
7728,774
7732,223
7733,191
7734,770
7739,116
7740,167
7741,167
7744,196
7745,316
7746,21
7747,705
7749,162
7752,51
7753,164
7756,82
7758,191
7759,169
7760,63
7761,292
7762,426
7763,561
7766,154
7767,63
7769,477
7770,25
7772,429
7773,698
7776,319
7777,587
7778,321
7779,686
7780,687
7781,416
7782,699
7783,630
7784,1
7785,369
7786,328
7789,622
7791,142
7794,324
7795,554
7797,171
7803,555
7804,316
7805,582
7807,648
7808,707
7810,449
7813,528
7815,196
7819,690
7820,86
7821,606
7823,138
7824,7
7825,817
7827,305
7830,330
7831,556
7832,210
7833,656
7834,572
7837,573
7843,818
7844,801
7846,63
7848,456
7849,608
7852,801
7853,375
7854,211
7855,326
7857,817
7858,20
7859,486
7860,20
7862,384
7864,520
7865,454
7866,620
7869,211
7870,67
7871,142
7872,142
7873,20
7874,524
7875,384
7876,803
7877,800
7879,808
7880,307
7881,63
7882,63
7883,301
7884,694
7885,449
7886,815
7887,210
7889,20
7891,34
7892,800
7894,20
7895,63
7896,20
7897,187
7898,584
7899,321
7902,63
7905,413
7906,615
7908,348
7909,785
7910,609
7911,761
7912,582
7913,638
7914,63
7915,317
7916,796
7917,63
7918,607
7919,585
7920,305
7921,789
7923,738
7925,63
7926,812
7927,305
7930,539
7936,185
7938,131
7940,819
7946,63
7952,15
7953,146
7957,142
7958,392
7960,820
7961,63
7962,821
7965,20
7968,25
7970,356
