source,target,value
5,5,5
5,381,1
5,466,1
5,999,2
5,2137,1
5,2390,2
5,2951,1
5,3047,1
5,3696,1
5,6482,1
5,7545,1
27,27,1
27,3696,1
27,4400,1
27,5012,1
29,29,1
30,30,1
30,3377,1
34,34,2
34,582,1
34,915,1
34,1331,2
34,1334,1
34,3500,1
35,35,1
35,1907,1
53,53,1
53,769,1
53,1372,1
53,1987,1
53,2654,1
55,55,1
55,1201,1
55,4845,1
57,57,1
57,1051,1
63,63,2
63,1515,1
63,1854,2
63,2213,1
69,69,1
69,1391,1
69,4390,1
69,5240,1
75,75,1
75,4988,1
75,6547,1
76,76,1
76,3435,1
76,4175,1
76,5036,1
80,80,1
80,2116,1
80,5508,1
83,83,1
83,233,1
83,1757,1
83,4058,1
93,93,1
93,780,1
93,3063,1
100,100,3
100,5323,3
100,7436,3
101,101,1
101,3538,1
101,4196,1
101,4612,1
104,104,1
104,866,1
105,105,1
105,285,1
105,4342,1
108,108,1
108,2887,1
126,126,7
126,444,1
126,1194,1
126,1563,2
126,1599,2
126,2036,2
126,2105,1
126,2156,1
126,2838,1
126,3796,1
126,4074,2
126,4350,1
126,4475,1
126,4529,1
126,4711,2
126,4883,1
126,5655,1
126,5701,1
126,5854,1
126,6494,1
126,6566,2
126,6789,1
128,128,1
128,2517,1
128,4232,1
128,5569,1
138,138,2
138,892,1
138,1369,1
138,4908,2
156,156,1
156,176,1
156,1444,1
156,2512,1
156,2513,1
156,4533,1
159,159,1
159,353,1
159,1591,1
160,160,1
160,1652,1
168,168,1
168,1423,1
168,6140,1
170,170,1
170,2898,1
170,3680,1
170,4009,1
170,5224,1
170,6153,1
170,6671,1
176,156,1
176,176,1
176,1444,1
176,2512,1
176,2513,1
176,4533,1
182,182,1
182,1391,1
182,1762,1
204,204,1
204,479,1
204,1593,1
204,3336,1
204,3546,1
205,205,1
205,4363,1
205,4727,1
212,212,1
212,993,1
212,1865,1
215,215,1
215,663,1
223,223,1
223,5931,1
223,7570,1
228,228,1
228,1499,1
228,2537,1
228,2598,1
228,6485,1
233,83,1
233,233,1
233,1757,1
233,4058,1
234,234,2
234,3548,1
238,238,1
238,4808,1
238,6140,1
239,239,3
239,4371,1
239,5611,1
239,5625,1
239,5653,1
240,240,1
240,1173,1
240,7081,1
247,247,1
247,1194,1
247,4396,1
253,253,3
253,517,2
253,5685,1
258,258,1
258,726,1
270,270,1
270,880,1
270,4967,1
272,272,2
272,3760,1
272,4309,1
273,273,1
273,755,1
273,1226,1
273,7112,1
274,274,1
274,1337,1
285,105,1
285,285,1
285,4342,1
288,288,1
288,920,1
288,7292,1
294,294,1
294,6574,1
303,303,1
303,307,1
303,4044,1
303,6666,1
303,7064,1
303,7478,1
307,303,1
307,307,1
307,4044,1
307,6666,1
307,7064,1
307,7478,1
308,308,1
308,3353,1
308,5555,1
308,5637,1
316,316,1
316,1884,1
316,2038,1
316,2148,1
316,4907,1
320,320,1
320,2597,1
320,4562,1
320,4914,1
320,5522,1
321,321,3
321,2365,2
321,4769,1
321,5842,1
321,7096,1
324,324,1
324,6503,1
324,7942,1
328,328,1
328,1360,1
328,2321,1
328,4227,1
328,6158,1
328,6771,1
330,330,1
330,769,1
330,6291,1
330,7083,1
331,331,1
331,6143,1
332,332,1
332,780,1
332,3063,1
332,3353,1
332,4289,1
333,333,1
333,3385,1
333,5908,1
336,336,1
336,4891,1
336,6799,1
351,351,1
351,7604,1
353,159,1
353,353,1
353,1591,1
359,359,1
359,527,1
359,6478,1
359,7942,1
362,362,4
362,1193,1
362,1195,1
362,1391,1
362,4272,4
362,4608,3
362,5659,1
364,364,2
364,700,1
364,993,1
364,1391,1
364,1559,1
364,1865,1
364,2049,1
364,2140,1
364,2786,1
364,3545,1
364,5505,1
370,370,1
370,2533,1
370,5103,1
374,374,1
374,1376,1
374,3789,1
379,379,1
379,2357,1
379,5693,1
379,6480,1
379,6507,1
379,6671,1
380,380,1
380,1674,1
380,5704,1
380,6706,1
381,5,1
381,381,1
381,466,1
381,3696,1
389,389,5
389,694,3
389,2547,2
389,2711,2
389,7077,5
393,393,1
393,870,1
393,1832,1
401,401,1
401,1331,1
401,6428,1
403,403,1
403,3211,1
403,6874,1
403,7512,1
409,409,1
409,3859,1
409,5309,1
409,6313,1
416,416,1
416,3131,1
416,4369,1
416,5226,1
418,418,2
418,749,1
418,5029,1
437,437,1
437,4034,1
437,6777,1
437,7480,1
438,438,1
438,463,1
438,2095,1
441,441,1
441,4415,1
441,6723,1
444,126,1
444,444,1
444,1563,1
444,1599,1
444,4074,1
444,4711,1
463,438,1
463,463,1
463,2095,1
466,5,1
466,381,1
466,466,1
466,3696,1
467,467,1
467,1762,1
467,2129,1
475,475,1
475,3078,1
479,204,1
479,479,1
479,1593,1
479,3336,1
479,3546,1
492,492,1
492,2519,1
492,4024,1
493,493,3
493,873,1
493,1816,1
493,2029,1
493,2517,1
493,4064,1
493,4907,1
493,6537,1
494,494,1
494,2140,1
494,3717,1
494,4907,1
494,5743,1
501,501,1
513,513,1
513,4422,1
513,7743,1
514,514,1
514,1873,1
514,3991,1
514,5003,1
514,6718,1
517,253,2
517,517,9
517,1391,1
517,1846,3
517,4340,1
517,5869,1
520,520,1
520,2354,1
520,4946,1
523,523,1
523,2727,1
524,524,1
524,3558,1
526,526,1
526,5158,1
526,7963,1
527,359,1
527,527,1
527,6478,1
527,7942,1
529,529,1
529,3118,1
529,4363,1
529,7292,1
539,539,1
539,3287,1
539,3725,1
539,5721,1
568,568,1
568,632,1
568,1614,1
568,7100,1
572,572,1
572,4886,1
572,5255,1
574,574,2
574,1379,1
574,1559,2
574,5080,1
574,6295,1
582,34,1
582,582,1
582,1331,1
582,1334,1
584,584,2
584,705,1
585,585,1
585,1865,1
585,4415,1
588,588,1
588,820,1
588,4159,1
592,592,1
592,3425,1
592,3738,1
592,6077,1
592,7942,1
596,596,1
596,1559,1
605,605,2
605,1823,1
605,2108,2
605,5323,2
608,608,1
608,1991,1
632,568,1
632,632,1
632,1614,1
632,7100,1
633,633,1
633,1559,1
633,2228,1
633,4535,1
633,4817,1
637,637,3
637,3945,1
641,641,1
641,1638,1
641,3408,1
641,6302,1
650,650,1
650,903,1
650,5063,1
660,660,1
660,720,1
660,2210,1
660,4374,1
660,7964,1
661,661,2
661,6506,1
663,215,1
663,663,1
678,678,1
678,1992,1
678,3790,1
678,5676,1
681,681,1
681,1563,1
684,684,1
684,1570,1
684,2596,1
693,693,1
693,6671,1
694,389,3
694,694,3
694,7077,3
700,364,1
700,700,1
705,584,1
705,705,6
705,1338,1
705,1391,1
705,2294,1
705,2497,1
705,4155,1
705,4580,1
705,4952,1
705,4954,1
705,7436,3
714,714,1
714,1457,1
714,5812,1
715,715,1
715,2796,1
715,5059,1
715,5801,1
715,7119,1
720,660,1
720,720,1
720,2210,1
720,4374,1
720,7964,1
726,258,1
726,726,1
728,728,1
728,1919,1
730,730,1
730,5398,1
730,6394,1
730,6546,1
734,734,1
734,1919,1
734,2478,1
734,3444,1
734,4736,1
734,7942,1
741,741,1
741,2897,1
741,5376,1
743,743,1
743,2830,1
743,4363,1
745,745,1
745,4287,1
745,5323,1
749,418,1
749,749,1
754,754,1
754,4415,1
754,6240,1
755,273,1
755,755,1
755,1226,1
755,7112,1
759,759,1
759,4402,1
759,4754,1
759,4887,1
759,6552,1
760,760,1
760,3347,1
760,6130,1
763,763,1
763,7201,1
763,7959,1
769,53,1
769,330,1
769,769,3
769,1372,1
769,1987,1
769,2654,1
769,6291,1
769,7083,1
770,770,1
770,1348,1
770,5450,1
774,774,1
774,1043,1
774,1548,1
774,3681,1
774,7698,1
775,775,1
775,4877,1
780,93,1
780,332,1
780,780,6
780,2298,1
780,2764,1
780,2765,1
780,3063,2
780,3353,4
780,4289,1
780,4743,1
780,7155,1
786,786,1
786,1290,1
786,4596,1
786,4705,1
788,788,1
788,5762,1
792,792,3
792,2140,1
792,3542,1
792,3717,3
792,7115,2
798,798,1
798,1550,1
798,2814,1
798,6192,1
801,801,1
801,4466,1
802,802,1
802,1222,1
802,5717,1
804,804,7
804,2781,1
804,3664,1
804,5893,1
804,6189,1
804,6345,4
804,7710,1
820,588,1
820,820,1
820,4159,1
826,826,1
826,1251,1
826,3533,1
826,3951,1
839,839,1
841,841,1
841,2517,1
841,4048,1
844,844,2
844,3243,1
845,845,1
845,3030,1
845,6440,1
847,847,1
847,1783,1
847,1890,1
847,7273,1
862,862,2
862,1873,1
862,4732,1
862,6401,2
862,6943,1
863,863,1
866,104,1
866,866,1
870,393,1
870,870,1
870,1832,1
873,493,1
873,873,1
873,4907,1
880,270,1
880,880,1
880,4967,1
888,888,1
888,1934,1
888,4009,1
888,6153,1
888,6262,1
888,6665,1
888,6671,1
891,891,1
891,2834,1
891,4047,1
891,4352,1
892,138,1
892,892,1
892,4908,1
898,898,1
898,1686,1
898,5163,1
901,901,1
901,6260,1
903,650,1
903,903,1
903,5063,1
909,909,1
909,2404,1
909,5026,1
912,912,2
912,1336,1
912,5037,1
912,5422,1
912,6178,1
913,913,1
913,977,1
913,6108,1
915,34,1
915,915,1
915,1331,1
915,3500,1
920,288,1
920,920,3
920,1104,1
920,3770,1
920,3802,1
920,4102,1
920,7292,2
921,921,1
921,3734,1
921,6634,1
922,922,1
922,3660,1
922,4167,1
922,6438,1
926,926,2
926,1149,1
926,3263,1
926,5915,1
926,5958,2
926,6644,2
931,931,1
931,6309,1
933,933,3
933,5393,3
940,940,2
940,5962,2
952,952,1
952,7292,1
963,963,1
963,2666,1
963,5245,1
967,967,1
967,1331,1
967,3470,1
967,5544,1
967,7030,1
967,7802,1
977,913,1
977,977,1
977,6108,1
979,979,1
979,1391,1
979,4411,1
988,988,1
988,2379,1
988,7478,1
993,212,1
993,364,1
993,993,5
993,1391,1
993,1559,1
993,1865,3
993,2049,1
993,2140,1
993,2786,1
993,3545,1
993,5505,1
999,5,2
999,999,3
999,2137,2
999,2390,2
1012,1012,1
1012,1015,1
1012,1140,1
1012,3850,1
1012,3913,1
1012,5973,1
1012,7774,1
1012,7790,1
1013,1013,1
1013,4305,1
1013,7180,1
1015,1012,1
1015,1015,1
1015,1140,1
1015,3850,1
1015,3913,1
1015,5973,1
1015,7774,1
1015,7790,1
1043,774,1
1043,1043,1
1043,1548,1
1043,3681,1
1043,7698,1
1050,1050,1
1050,2846,1
1051,57,1
1051,1051,1
1054,1054,1
1054,6017,1
1058,1058,3
1058,6017,3
1061,1061,1
1061,4723,1
1061,6545,1
1061,7008,1
1096,1096,1
1096,5974,1
1096,6677,1
1102,1102,1
1102,3432,1
1104,920,1
1104,1104,1
1104,4102,1
1104,7292,1
1113,1113,3
1113,6429,1
1113,6544,1
1113,7082,1
1113,7292,1
1113,7434,1
1115,1115,1
1115,2006,1
1115,7903,1
1122,1122,1
1122,1559,1
1123,1123,1
1123,1569,1
1123,1648,1
1123,6680,1
1131,1131,1
1131,7724,1
1135,1135,1
1135,3315,1
1135,6871,1
1138,1138,1
1138,3164,1
1138,7012,1
1138,7668,1
1138,7686,1
1138,7699,1
1138,7868,1
1139,1139,1
1139,3164,1
1139,6991,1
1139,7012,1
1139,7057,1
1139,7686,1
1140,1012,1
1140,1015,1
1140,1140,4
1140,3061,1
1140,3164,2
1140,3850,1
1140,3913,1
1140,4324,1
1140,5973,1
1140,6895,1
1140,7254,1
1140,7259,1
1140,7386,1
1140,7650,1
1140,7686,2
1140,7699,1
1140,7774,1
1140,7790,2
1142,1142,1
1142,1872,1
1142,3153,1
1142,3860,1
1145,1145,1
1145,6677,1
1145,7474,1
1145,7694,1
1149,926,1
1149,1149,1
1149,5958,1
1149,6644,1
1158,1158,1
1158,3998,1
1171,1171,1
1171,5883,1
1171,6145,1
1171,6237,1
1173,240,1
1173,1173,1
1173,7081,1
1174,1174,1
1174,1367,1
1174,2214,1
1182,1182,1
1182,3354,1
1183,1183,1
1184,1184,1
1184,4845,1
1184,5098,1
1184,6240,1
1185,1185,1
1185,1218,1
1185,2517,1
1185,5552,1
1185,5589,1
1185,7971,1
1192,1192,1
1192,1331,1
1192,6312,1
1193,362,1
1193,1193,2
1193,1260,1
1193,4272,1
1193,4608,1
1193,5540,1
1194,126,1
1194,247,1
1194,1194,7
1194,1599,1
1194,1707,1
1194,2036,1
1194,3723,3
1194,3778,1
1194,4074,1
1194,4396,2
1194,4711,1
1194,5694,1
1194,5838,3
1195,362,1
1195,1195,3
1195,2891,1
1195,3756,1
1195,4272,1
1195,4608,1
1195,5209,1
1195,5271,1
1201,55,1
1201,1201,1
1201,4845,1
1203,1203,1
1203,4003,1
1205,1205,1
1205,1926,1
1205,1931,1
1205,5778,1
1215,1215,1
1215,4108,1
1215,6079,1
1218,1185,1
1218,1218,2
1218,1307,1
1218,1699,1
1218,2517,1
1218,5552,1
1218,5589,1
1218,5720,1
1218,7971,1
1221,1221,2
1221,3460,2
1222,802,1
1222,1222,1
1222,5717,1
1224,1224,1
1224,5693,1
1224,6218,1
1226,273,1
1226,755,1
1226,1226,1
1226,7112,1
1230,1230,1
1230,2259,1
1230,5639,1
1230,6386,1
1244,1244,1
1244,1631,1
1244,6745,1
1245,1245,1
1245,6309,1
1245,7943,1
1251,826,1
1251,1251,1
1251,3533,1
1251,3951,1
1257,1257,1
1257,4491,1
1257,7067,1
1258,1258,1
1258,7972,1
1260,1193,1
1260,1260,1
1260,5540,1
1274,1274,3
1274,4464,3
1274,4696,3
1274,4726,1
1274,5688,1
1274,6662,1
1277,1277,1
1277,4757,1
1277,5051,1
1277,6534,1
1278,1278,1
1278,5013,1
1279,1279,1
1279,2293,1
1279,4116,1
1279,6664,1
1279,6825,1
1281,1281,1
1281,1873,1
1281,3738,1
1281,6503,1
1281,7942,1
1290,786,1
1290,1290,1
1290,4596,1
1290,4705,1
1297,1297,1
1297,6349,1
1307,1218,1
1307,1307,1
1307,1699,1
1307,5720,1
1328,1328,1
1328,7292,1
1330,1330,1
1330,4617,1
1330,4961,1
1331,34,2
1331,401,1
1331,582,1
1331,915,1
1331,967,1
1331,1192,1
1331,1331,7
1331,1334,1
1331,3470,1
1331,3500,1
1331,5343,1
1331,5544,1
1331,6312,1
1331,6313,2
1331,6428,1
1331,7030,1
1331,7802,1
1333,1333,2
1333,2166,1
1333,2510,1
1333,4783,1
1334,34,1
1334,582,1
1334,1331,1
1334,1334,1
1336,912,1
1336,1336,1
1336,5422,1
1337,274,1
1337,1337,1
1338,705,1
1338,1338,1
1338,1391,1
1338,2294,1
1338,4155,1
1338,4952,1
1342,1342,1
1342,3512,1
1342,4730,1
1342,6734,1
1348,770,1
1348,1348,1
1348,5450,1
1350,1350,1
1350,6066,1
1350,6544,1
1350,7292,1
1353,1353,1
1353,4682,1
1360,328,1
1360,1360,1
1360,2321,1
1360,4227,1
1360,6158,1
1360,6771,1
1363,1363,1
1363,1999,1
1363,4552,1
1364,1364,1
1364,6861,1
1367,1174,1
1367,1367,1
1367,2214,1
1369,138,1
1369,1369,1
1369,4908,1
1372,53,1
1372,769,1
1372,1372,1
1372,1987,1
1372,2654,1
1374,1374,1
1374,1403,1
1374,6479,1
1376,374,1
1376,1376,1
1376,3789,1
1377,1377,1
1377,5129,1
1377,6161,1
1379,574,1
1379,1379,1
1379,1559,1
1379,6295,1
1385,1385,2
1385,1407,2
1385,4194,2
1390,1390,1
1390,2049,1
1391,69,1
1391,182,1
1391,362,1
1391,364,1
1391,517,1
1391,705,1
1391,979,1
1391,993,1
1391,1338,1
1391,1391,14
1391,1559,1
1391,1600,1
1391,1762,1
1391,1865,1
1391,2049,1
1391,2140,1
1391,2294,1
1391,2786,1
1391,2893,2
1391,3518,1
1391,3545,1
1391,4155,1
1391,4272,1
1391,4390,1
1391,4400,1
1391,4411,2
1391,4501,1
1391,4952,1
1391,5240,1
1391,5323,1
1391,5505,1
1391,5659,1
1391,5761,1
1391,5798,1
1391,6100,1
1391,6107,1
1391,6268,1
1391,6546,1
1391,6903,1
1397,1397,1
1397,4652,1
1397,5173,1
1397,5616,1
1397,6201,1
1400,1400,1
1400,2417,1
1400,2511,1
1400,4519,1
1400,6796,1
1403,1374,1
1403,1403,1
1403,6479,1
1407,1385,2
1407,1407,2
1407,4194,2
1418,1418,1
1418,3253,1
1418,6577,1
1420,1420,2
1420,6154,1
1420,6155,1
1420,6849,1
1420,6850,1
1423,168,1
1423,1423,1
1423,6140,1
1444,156,1
1444,176,1
1444,1444,1
1444,2512,1
1444,2513,1
1444,4533,1
1457,714,1
1457,1457,2
1457,3329,1
1457,4458,1
1457,5266,1
1457,5812,1
1457,7015,1
1457,7292,1
1471,1471,1
1471,5758,1
1471,6190,1
1482,1482,1
1482,7076,1
1489,1489,1
1489,4700,1
1489,6747,1
1489,6960,1
1496,1496,1
1496,7737,1
1499,228,1
1499,1499,1
1499,2537,1
1499,2598,1
1499,6485,1
1500,1500,1
1500,2456,1
1500,4446,1
1500,7893,1
1506,1506,1
1506,4197,1
1515,63,1
1515,1515,1
1515,1854,1
1515,2213,1
1525,1525,1
1525,1990,1
1525,4903,1
1533,1533,1
1533,3511,1
1533,4587,1
1537,1537,1
1537,2530,1
1537,7937,1
1548,774,1
1548,1043,1
1548,1548,1
1548,3681,1
1548,7698,1
1550,798,1
1550,1550,1
1550,2814,1
1550,6192,1
1557,1557,1
1557,5897,1
1559,364,1
1559,574,2
1559,596,1
1559,633,1
1559,993,1
1559,1122,1
1559,1379,1
1559,1391,1
1559,1559,9
1559,1865,1
1559,1998,1
1559,2049,1
1559,2140,1
1559,2228,1
1559,2786,1
1559,3545,1
1559,4535,1
1559,4544,1
1559,4817,1
1559,5080,1
1559,5505,1
1559,6165,1
1559,6295,3
1559,6520,1
1560,1560,1
1560,3543,1
1560,4291,1
1563,126,2
1563,444,1
1563,681,1
1563,1563,3
1563,1599,1
1563,4074,1
1563,4711,1
1569,1123,1
1569,1569,1
1569,1648,1
1569,6680,1
1570,684,1
1570,1570,1
1570,2596,1
1575,1575,1
1575,2936,1
1575,5532,1
1582,1582,1
1583,1583,1
1583,5869,1
1583,7436,1
1583,7478,1
1590,1590,1
1590,5247,1
1590,6275,1
1590,6276,1
1591,159,1
1591,353,1
1591,1591,1
1593,204,1
1593,479,1
1593,1593,1
1593,3336,1
1593,3546,1
1597,1597,1
1597,2170,1
1597,7922,1
1599,126,2
1599,444,1
1599,1194,1
1599,1563,1
1599,1599,2
1599,2036,1
1599,4074,2
1599,4711,2
1600,1391,1
1600,1600,1
1600,5323,1
1600,5761,1
1600,6546,1
1611,1611,1
1611,5972,1
1614,568,1
1614,632,1
1614,1614,1
1614,7100,1
1615,1615,1
1615,4047,1
1615,4352,1
1615,5721,1
1616,1616,1
1616,6079,1
1631,1244,1
1631,1631,2
1631,2549,1
1631,4400,1
1631,6745,1
1635,1635,1
1635,3133,1
1635,4719,1
1638,641,1
1638,1638,1
1638,3408,1
1638,6302,1
1648,1123,1
1648,1569,1
1648,1648,1
1648,6680,1
1652,160,1
1652,1652,1
1662,1662,1
1662,6156,1
1662,6875,1
1662,7676,1
1662,7966,1
1664,1664,1
1664,5423,1
1664,5732,1
1671,1671,1
1671,5231,1
1673,1673,3
1673,1903,1
1673,4383,1
1673,6730,1
1674,380,1
1674,1674,2
1674,5704,1
1674,6567,1
1674,6706,1
1681,1681,1
1681,4791,1
1681,6568,1
1684,1684,1
1684,5049,1
1684,5182,1
1684,6461,1
1684,6864,1
1685,1685,1
1685,5052,1
1686,898,1
1686,1686,1
1686,5163,1
1699,1218,1
1699,1307,1
1699,1699,1
1699,5720,1
1707,1194,1
1707,1707,1
1707,3723,1
1707,5838,1
1708,1708,3
1708,4301,2
1708,4704,1
1708,4750,2
1708,5731,1
1708,6653,1
1714,1714,1
1714,3020,1
1714,3128,1
1714,5892,1
1714,7465,1
1716,1716,1
1716,2776,1
1716,2877,1
1716,5879,1
1720,1720,4
1720,1841,4
1720,4486,1
1720,4631,1
1720,6105,1
1720,6146,1
1720,6899,1
1726,1726,1
1726,2010,1
1726,2943,1
1726,5963,1
1726,6993,1
1745,1745,1
1745,3868,1
1745,5556,1
1745,7059,1
1753,1753,1
1753,2337,1
1753,5323,1
1757,83,1
1757,233,1
1757,1757,1
1757,4058,1
1762,182,1
1762,467,1
1762,1391,1
1762,1762,2
1762,2129,1
1765,1765,1
1765,7161,1
1783,847,1
1783,1783,1
1783,1890,1
1783,7273,1
1786,1786,1
1786,2279,1
1786,3329,1
1786,7292,1
1816,493,1
1816,1816,1
1816,2029,1
1816,2517,1
1816,4064,1
1823,605,1
1823,1823,1
1823,2108,1
1823,5323,1
1825,1825,1
1825,2033,1
1827,1827,1
1827,3298,1
1827,3369,1
1827,6278,1
1827,7754,1
1832,393,1
1832,870,1
1832,1832,1
1838,1838,1
1838,3326,1
1838,3660,1
1838,5323,1
1839,1839,1
1839,4345,1
1839,5199,1
1841,1720,4
1841,1841,4
1841,4486,1
1841,4631,1
1841,6105,1
1841,6146,1
1841,6899,1
1846,517,3
1846,1846,3
1854,63,2
1854,1515,1
1854,1854,5
1854,2213,1
1854,3212,1
1854,5277,2
1854,5602,1
1854,5866,1
1855,1855,1
1855,2546,1
1855,2608,1
1860,1860,3
1860,3348,2
1860,3870,1
1860,4270,1
1860,6894,1
1860,7123,1
1865,212,1
1865,364,1
1865,585,1
1865,993,3
1865,1391,1
1865,1559,1
1865,1865,7
1865,2049,1
1865,2103,2
1865,2140,1
1865,2786,1
1865,3545,1
1865,4415,1
1865,5505,1
1867,1867,4
1867,5181,4
1867,6211,4
1870,1870,1
1870,1871,1
1870,6116,1
1870,6529,1
1871,1870,1
1871,1871,1
1871,6116,1
1871,6529,1
1872,1142,1
1872,1872,1
1872,3153,1
1872,3860,1
1873,514,1
1873,862,1
1873,1281,1
1873,1873,3
1873,3738,1
1873,3991,1
1873,4732,1
1873,5003,1
1873,6401,1
1873,6503,1
1873,6718,1
1873,7942,1
1877,1877,1
1877,5115,1
1880,1880,1
1880,4256,1
1884,316,1
1884,1884,1
1884,2038,1
1884,2148,1
1884,4907,1
1890,847,1
1890,1783,1
1890,1890,1
1890,7273,1
1899,1899,1
1899,5622,1
1900,1900,2
1900,3744,1
1903,1673,1
1903,1903,1
1906,1906,1
1906,3272,1
1906,5995,1
1907,35,1
1907,1907,1
1909,1909,1
1909,4378,1
1910,1910,3
1910,3112,1
1910,4020,1
1910,4921,1
1910,5014,1
1910,6534,1
1919,728,1
1919,734,1
1919,1919,2
1919,2478,1
1919,3444,1
1919,4736,1
1919,7942,1
1926,1205,1
1926,1926,1
1926,1931,1
1926,5778,1
1931,1205,1
1931,1926,1
1931,1931,1
1931,5778,1
1934,888,1
1934,1934,1
1934,4009,1
1934,6153,1
1934,6262,1
1934,6665,1
1934,6671,1
1953,1953,1
1953,5760,1
1957,1957,1
1957,4067,1
1957,4748,1
1957,6406,1
1973,1973,1
1973,2037,1
1985,1985,1
1985,5587,1
1985,5695,1
1987,53,1
1987,769,1
1987,1372,1
1987,1987,1
1987,2654,1
1990,1525,1
1990,1990,2
1990,3554,1
1990,4903,1
1990,6822,1
1991,608,1
1991,1991,2
1991,4564,1
1992,678,1
1992,1992,1
1992,3790,1
1992,5676,1
1996,1996,1
1996,5198,1
1998,1559,1
1998,1998,1
1999,1363,1
1999,1999,1
1999,4552,1
2006,1115,1
2006,2006,1
2006,7903,1
2010,1726,1
2010,2010,1
2010,2943,1
2010,5963,1
2010,6993,1
2012,2012,1
2012,6525,1
2012,7220,1
2029,493,1
2029,1816,1
2029,2029,1
2029,2517,1
2029,4064,1
2033,1825,1
2033,2033,1
2035,2035,1
2035,4048,1
2035,5537,1
2036,126,2
2036,1194,1
2036,1599,1
2036,2036,2
2036,4074,1
2036,4711,1
2036,4883,1
2037,1973,1
2037,2037,2
2037,2523,1
2037,4911,1
2038,316,1
2038,1884,1
2038,2038,1
2038,2148,1
2038,4907,1
2044,2044,1
2044,3237,1
2049,364,1
2049,993,1
2049,1390,1
2049,1391,1
2049,1559,1
2049,1865,1
2049,2049,2
2049,2140,1
2049,2786,1
2049,3545,1
2049,5505,1
2091,2091,1
2091,4400,1
2091,5798,1
2091,6517,1
2091,7967,1
2095,438,1
2095,463,1
2095,2095,1
2099,2099,1
2099,6648,1
2103,1865,2
2103,2103,2
2105,126,1
2105,2105,1
2105,6494,1
2105,6566,1
2108,605,2
2108,1823,1
2108,2108,3
2108,4290,1
2108,4971,1
2108,5323,2
2108,6267,1
2116,80,1
2116,2116,1
2116,5508,1
2125,2125,1
2125,2231,1
2125,3308,1
2125,5188,1
2125,6069,1
2125,6586,1
2129,467,1
2129,1762,1
2129,2129,1
2135,2135,2
2135,6428,2
2135,7411,1
2137,5,1
2137,999,2
2137,2137,2
2137,2390,1
2140,364,1
2140,494,1
2140,792,1
2140,993,1
2140,1391,1
2140,1559,1
2140,1865,1
2140,2049,1
2140,2140,4
2140,2412,1
2140,2786,1
2140,3545,1
2140,3717,2
2140,3995,1
2140,4907,1
2140,5505,1
2140,5743,1
2141,2141,2
2141,6947,2
2141,7721,2
2142,2142,1
2142,2354,1
2142,5730,1
2142,7582,1
2144,2144,1
2144,3456,1
2144,4303,1
2148,316,1
2148,1884,1
2148,2038,1
2148,2148,1
2148,4907,1
2156,126,1
2156,2156,2
2156,2838,1
2156,3796,1
2156,4350,1
2156,4475,1
2156,4529,1
2156,5590,1
2156,5655,1
2156,5701,2
2156,5854,1
2156,6789,2
2166,1333,1
2166,2166,1
2168,2168,2
2168,3351,1
2168,3484,1
2168,3761,1
2168,5113,1
2168,6222,1
2170,1597,1
2170,2170,2
2170,2892,1
2170,3597,1
2170,5273,1
2170,5425,1
2170,7922,1
2186,2186,1
2186,3866,1
2196,2196,1
2196,2634,1
2196,3442,1
2196,3701,1
2196,5857,1
2203,2203,1
2203,2655,1
2207,2207,3
2210,660,1
2210,720,1
2210,2210,1
2210,4374,1
2210,7964,1
2213,63,1
2213,1515,1
2213,1854,1
2213,2213,1
2214,1174,1
2214,1367,1
2214,2214,1
2226,2226,1
2226,3010,1
2226,3388,1
2228,633,1
2228,1559,1
2228,2228,1
2228,4535,1
2228,4817,1
2231,2125,1
2231,2231,1
2231,3308,1
2231,5188,1
2231,6069,1
2231,6586,1
2243,2243,1
2243,7292,1
2243,7575,1
2255,2255,1
2255,6715,1
2257,2257,1
2257,2448,1
2257,6240,1
2259,1230,1
2259,2259,1
2259,5639,1
2259,6386,1
2268,2268,1
2268,2418,1
2268,3701,1
2268,7108,1
2270,2270,1
2270,7463,1
2270,7954,1
2279,1786,1
2279,2279,2
2279,3329,2
2279,6522,1
2279,7292,2
2293,1279,1
2293,2293,1
2293,4116,1
2293,6664,1
2293,6825,1
2294,705,1
2294,1338,1
2294,1391,1
2294,2294,1
2294,4155,1
2294,4952,1
2298,780,1
2298,2298,2
2298,3353,1
2298,6770,1
2303,2303,1
2303,2386,1
2303,3535,1
2303,4760,1
2304,2304,1
2304,6453,1
2313,2313,1
2313,2744,1
2313,2931,1
2313,5348,1
2313,5361,1
2313,6171,1
2313,7478,1
2321,328,1
2321,1360,1
2321,2321,1
2321,4227,1
2321,6158,1
2321,6771,1
2325,2325,1
2325,3266,1
2325,4929,1
2333,2333,1
2333,3091,1
2333,5964,1
2333,7687,1
2337,1753,1
2337,2337,1
2337,5323,1
2339,2339,2
2339,7467,2
2350,2350,1
2350,5415,1
2350,6954,1
2354,520,1
2354,2142,1
2354,2354,2
2354,4946,1
2354,5730,1
2354,7582,1
2356,2356,2
2356,3808,1
2356,5260,1
2356,7421,1
2357,379,1
2357,2357,1
2357,5693,1
2357,6480,1
2357,6507,1
2357,6671,1
2365,321,2
2365,2365,2
2365,5842,1
2365,7096,1
2370,2370,1
2370,7215,1
2377,2377,1
2377,3460,1
2379,988,1
2379,2379,1
2379,7478,1
2386,2303,1
2386,2386,1
2386,3535,1
2386,4760,1
2390,5,2
2390,999,2
2390,2137,1
2390,2390,2
2404,909,1
2404,2404,1
2404,5026,1
2405,2405,1
2405,6027,1
2405,7418,1
2412,2140,1
2412,2412,1
2412,3995,1
2417,1400,1
2417,2417,1
2417,2511,1
2417,4519,1
2417,6796,1
2418,2268,1
2418,2418,1
2418,3701,1
2418,7108,1
2420,2420,1
2420,3250,1
2425,2425,1
2425,5951,1
2425,7190,1
2426,2426,1
2426,5570,1
2428,2428,1
2439,2439,2
2439,2786,2
2448,2257,1
2448,2448,1
2448,6240,1
2456,1500,1
2456,2456,2
2456,3924,1
2456,4446,1
2456,7893,1
2458,2458,1
2458,3898,1
2458,5079,1
2458,5743,1
2474,2474,1
2474,5753,1
2474,7177,1
2478,734,1
2478,1919,1
2478,2478,1
2478,3444,1
2478,4736,1
2478,7942,1
2497,705,1
2497,2497,1
2497,4580,1
2510,1333,1
2510,2510,1
2510,4783,1
2511,1400,1
2511,2417,1
2511,2511,1
2511,4519,1
2511,6796,1
2512,156,1
2512,176,1
2512,1444,1
2512,2512,1
2512,2513,1
2512,4533,1
2513,156,1
2513,176,1
2513,1444,1
2513,2512,1
2513,2513,1
2513,4533,1
2517,128,1
2517,493,1
2517,841,1
2517,1185,1
2517,1218,1
2517,1816,1
2517,2029,1
2517,2517,6
2517,4048,3
2517,4064,1
2517,4232,1
2517,5552,1
2517,5569,1
2517,5589,1
2517,7971,1
2519,492,1
2519,2519,1
2519,4024,1
2523,2037,1
2523,2523,1
2523,4911,1
2530,1537,1
2530,2530,1
2530,7937,1
2533,370,1
2533,2533,1
2533,5103,1
2537,228,1
2537,1499,1
2537,2537,3
2537,2598,1
2537,2860,1
2537,3230,1
2537,3231,1
2537,3369,1
2537,4621,1
2537,4922,1
2537,5670,1
2537,5675,1
2537,6398,1
2537,6485,1
2537,6551,1
2537,7292,1
2537,7575,1
2546,1855,1
2546,2546,1
2546,2608,1
2547,389,2
2547,2547,2
2547,2711,2
2547,7077,2
2549,1631,1
2549,2549,1
2549,4400,1
2550,2550,1
2550,5933,1
2550,7199,1
2553,2553,1
2553,4105,1
2553,7208,1
2557,2557,1
2557,4837,1
2557,5740,1
2557,6408,1
2568,2568,1
2568,5709,1
2596,684,1
2596,1570,1
2596,2596,1
2597,320,1
2597,2597,1
2597,4562,1
2597,4914,1
2597,5522,1
2598,228,1
2598,1499,1
2598,2537,1
2598,2598,1
2598,6485,1
2608,1855,1
2608,2546,1
2608,2608,1
2611,2611,1
2611,5325,1
2611,6978,1
2611,7417,1
2611,7628,1
2634,2196,1
2634,2634,1
2634,3442,1
2634,3701,1
2634,5857,1
2654,53,1
2654,769,1
2654,1372,1
2654,1987,1
2654,2654,1
2655,2203,1
2655,2655,1
2666,963,1
2666,2666,1
2666,5245,1
2699,2699,1
2699,6956,1
2701,2701,1
2701,5309,1
2701,6313,1
2703,2703,1
2703,3420,1
2703,3753,1
2703,6032,1
2708,2708,1
2708,4363,1
2711,389,2
2711,2547,2
2711,2711,2
2711,7077,2
2716,2716,1
2716,5499,1
2716,6133,1
2718,2718,1
2718,3816,1
2724,2724,2
2724,5323,2
2727,523,1
2727,2727,1
2744,2313,1
2744,2744,1
2744,2931,1
2744,5348,1
2744,5361,1
2744,6171,1
2744,7478,1
2750,2750,1
2753,2753,1
2753,5449,1
2759,2759,1
2759,6946,1
2760,2760,1
2760,3777,1
2764,780,1
2764,2764,1
2764,3353,1
2764,7155,1
2765,780,1
2765,2765,1
2765,3353,1
2767,2767,1
2767,5523,1
2767,6867,1
2773,2773,1
2773,3128,1
2776,1716,1
2776,2776,1
2776,2877,1
2776,5879,1
2781,804,1
2781,2781,1
2786,364,1
2786,993,1
2786,1391,1
2786,1559,1
2786,1865,1
2786,2049,1
2786,2140,1
2786,2439,2
2786,2786,7
2786,3247,1
2786,3545,1
2786,4773,1
2786,4803,2
2786,4963,1
2786,5505,1
2796,715,1
2796,2796,3
2796,5059,1
2796,5801,1
2796,6236,1
2796,7119,1
2811,2811,1
2814,798,1
2814,1550,1
2814,2814,1
2814,6192,1
2823,2823,1
2823,5469,1
2823,6454,1
2830,743,1
2830,2830,1
2830,4363,1
2834,891,1
2834,2834,1
2834,4047,1
2834,4352,1
2835,2835,1
2835,5936,1
2836,2836,1
2836,5423,1
2836,6101,1
2838,126,1
2838,2156,1
2838,2838,1
2838,3796,1
2838,4350,1
2838,4475,1
2838,4529,1
2838,5655,1
2838,5701,1
2838,5854,1
2838,6789,1
2840,2840,4
2840,4625,1
2840,4669,1
2840,4675,1
2840,4800,1
2840,5669,1
2840,6639,1
2840,7599,1
2846,1050,1
2846,2846,1
2860,2537,1
2860,2860,1
2860,3230,1
2860,3231,1
2860,3369,1
2860,4621,1
2860,4922,1
2860,5670,1
2860,5675,1
2860,6398,1
2860,6551,1
2863,2863,1
2863,6683,1
2867,2867,1
2877,1716,1
2877,2776,1
2877,2877,1
2877,5879,1
2883,2883,1
2883,5443,1
2887,108,1
2887,2887,1
2891,1195,1
2891,2891,1
2891,5209,1
2892,2170,1
2892,2892,1
2892,3597,1
2892,5273,1
2892,5425,1
2893,1391,2
2893,2893,2
2894,2894,1
2894,3621,1
2897,741,1
2897,2897,1
2897,5376,1
2898,170,1
2898,2898,1
2898,3680,1
2898,4009,1
2898,5224,1
2898,6153,1
2898,6671,1
2906,2906,3
2906,4430,1
2906,6955,1
2906,6960,1
2906,7750,1
2908,2908,1
2908,5538,1
2909,2909,2
2925,2925,3
2925,3564,1
2925,4400,1
2925,6707,1
2931,2313,1
2931,2744,1
2931,2931,1
2931,5348,1
2931,5361,1
2931,6171,1
2931,7478,1
2936,1575,1
2936,2936,1
2936,5532,1
2943,1726,1
2943,2010,1
2943,2943,1
2943,5963,1
2943,6993,1
2951,5,1
2951,2951,1
2951,3047,1
2951,7545,1
2952,2952,1
2952,6514,1
2952,7160,1
2972,2972,1
2972,3954,1
2972,6005,1
2997,2997,1
2997,5323,1
2997,6623,1
2999,2999,1
2999,7686,1
2999,7771,1
2999,7822,1
3010,2226,1
3010,3010,1
3010,3388,1
3020,1714,1
3020,3020,1
3020,3128,1
3020,5892,1
3020,7465,1
3021,3021,1
3021,7542,1
3030,845,1
3030,3030,1
3030,6440,1
3035,3035,1
3035,3697,1
3035,3848,1
3047,5,1
3047,2951,1
3047,3047,3
3047,3868,2
3047,6984,2
3047,7335,1
3047,7545,1
3051,3051,1
3051,3984,1
3051,4400,1
3051,6614,1
3061,1140,1
3061,3061,1
3061,4324,1
3061,7686,1
3061,7699,1
3061,7790,1
3063,93,1
3063,332,1
3063,780,2
3063,3063,2
3063,3353,1
3063,4289,1
3065,3065,1
3065,5709,1
3068,3068,1
3068,4454,1
3074,3074,1
3074,4473,1
3074,5962,1
3074,7241,1
3075,3075,1
3075,6340,1
3075,6344,1
3078,475,1
3078,3078,1
3082,3082,1
3082,3204,1
3082,6660,1
3091,2333,1
3091,3091,1
3091,5964,1
3091,7687,1
3098,3098,1
3098,3983,1
3098,7666,1
3099,3099,1
3099,3159,1
3099,7292,1
3108,3108,1
3108,3779,1
3112,1910,1
3112,3112,1
3112,4921,1
3115,3115,1
3115,4339,1
3115,4400,1
3115,5798,1
3116,3116,1
3116,4130,1
3116,4740,1
3118,529,1
3118,3118,3
3118,3315,2
3118,4363,3
3118,6296,2
3118,7292,1
3124,3124,1
3124,4189,1
3124,6672,1
3128,1714,1
3128,2773,1
3128,3020,1
3128,3128,6
3128,3190,1
3128,3404,1
3128,3604,2
3128,5892,1
3128,7465,1
3131,416,1
3131,3131,1
3131,4369,1
3131,5226,1
3133,1635,1
3133,3133,1
3133,4719,1
3153,1142,1
3153,1872,1
3153,3153,1
3153,3860,1
3156,3156,2
3156,3490,1
3156,5381,2
3159,3099,1
3159,3159,4
3159,4884,1
3159,7292,3
3159,7725,1
3163,3163,1
3163,7531,1
3164,1138,1
3164,1139,1
3164,1140,2
3164,3164,6
3164,6895,1
3164,6991,1
3164,7012,2
3164,7057,1
3164,7254,1
3164,7259,1
3164,7386,1
3164,7467,1
3164,7650,1
3164,7668,1
3164,7686,4
3164,7699,2
3164,7829,1
3164,7868,2
3190,3128,1
3190,3190,1
3201,3201,1
3201,7516,1
3204,3082,1
3204,3204,1
3204,6660,1
3211,403,1
3211,3211,1
3211,6874,1
3211,7512,1
3212,1854,1
3212,3212,1
3212,5866,1
3230,2537,1
3230,2860,1
3230,3230,1
3230,3231,1
3230,3369,1
3230,4621,1
3230,4922,1
3230,5670,1
3230,5675,1
3230,6398,1
3230,6551,1
3231,2537,1
3231,2860,1
3231,3230,1
3231,3231,1
3231,3369,1
3231,4621,1
3231,4922,1
3231,5670,1
3231,5675,1
3231,6398,1
3231,6551,1
3237,2044,1
3237,3237,2
3237,4700,1
3243,844,1
3243,3243,1
3247,2786,1
3247,3247,1
3248,3248,1
3248,3740,1
3248,7023,1
3248,7932,1
3250,2420,1
3250,3250,1
3253,1418,1
3253,3253,1
3253,6577,1
3259,3259,1
3259,4301,1
3263,926,1
3263,3263,1
3263,5915,1
3263,5958,1
3263,6644,1
3266,2325,1
3266,3266,1
3266,4929,1
3269,3269,2
3269,3462,2
3270,3270,1
3270,6235,1
3272,1906,1
3272,3272,1
3272,5995,1
3275,3275,2
3287,539,1
3287,3287,1
3287,3725,1
3287,5721,1
3289,3289,1
3289,5184,1
3289,5790,1
3298,1827,1
3298,3298,2
3298,3369,1
3298,3570,1
3298,6278,1
3298,7754,1
3303,3303,1
3303,3534,1
3308,2125,1
3308,2231,1
3308,3308,1
3308,5188,1
3308,6069,1
3308,6586,1
3310,3310,1
3310,7113,1
3315,1135,1
3315,3118,2
3315,3315,4
3315,4362,1
3315,4363,2
3315,6296,2
3315,6871,1
3315,7212,1
3315,7478,1
3323,3323,1
3323,4994,1
3323,5132,1
3323,6502,1
3326,1838,1
3326,3326,1
3326,3660,1
3326,5323,1
3329,1457,1
3329,1786,1
3329,2279,2
3329,3329,6
3329,4458,1
3329,5266,1
3329,6522,1
3329,7015,1
3329,7016,1
3329,7292,5
3329,7486,2
3334,3334,2
3334,4658,1
3334,6163,1
3334,7477,1
3336,204,1
3336,479,1
3336,1593,1
3336,3336,1
3336,3546,1
3347,760,1
3347,3347,1
3347,6130,1
3348,1860,2
3348,3348,2
3348,3870,1
3348,6894,1
3348,7123,1
3351,2168,1
3351,3351,1
3351,3484,1
3353,308,1
3353,332,1
3353,780,4
3353,2298,1
3353,2764,1
3353,2765,1
3353,3063,1
3353,3353,6
3353,4289,1
3353,5555,1
3353,5637,1
3353,7155,1
3353,7380,1
3354,1182,1
3354,3354,2
3354,4349,1
3354,4741,1
3355,3355,1
3355,3458,1
3355,3479,1
3355,3519,1
3355,4480,1
3355,4738,1
3369,1827,1
3369,2537,1
3369,2860,1
3369,3230,1
3369,3231,1
3369,3298,1
3369,3369,2
3369,4621,1
3369,4922,1
3369,5670,1
3369,5675,1
3369,6278,1
3369,6398,1
3369,6551,1
3369,7754,1
3377,30,1
3377,3377,1
3385,333,1
3385,3385,1
3385,5908,1
3388,2226,1
3388,3010,1
3388,3388,1
3393,3393,1
3393,3769,1
3393,6428,1
3397,3397,1
3397,5864,1
3397,7485,1
3400,3400,1
3400,4300,1
3400,4400,1
3400,6880,1
3404,3128,1
3404,3404,1
3408,641,1
3408,1638,1
3408,3408,1
3408,6302,1
3416,3416,2
3416,6340,2
3418,3418,1
3418,3924,1
3419,3419,1
3419,3659,1
3419,6099,1
3420,2703,1
3420,3420,1
3420,3753,1
3420,6032,1
3423,3423,1
3423,3661,1
3423,6414,1
3424,3424,1
3424,6001,1
3424,6358,1
3425,592,1
3425,3425,1
3425,3738,1
3425,6077,1
3425,7942,1
3427,3427,1
3432,1102,1
3432,3432,1
3435,76,1
3435,3435,1
3435,4175,1
3435,5036,1
3442,2196,1
3442,2634,1
3442,3442,1
3442,3701,1
3442,5857,1
3444,734,1
3444,1919,1
3444,2478,1
3444,3444,1
3444,4736,1
3444,7942,1
3449,3449,1
3449,4297,1
3449,5123,1
3456,2144,1
3456,3456,1
3456,4303,1
3458,3355,1
3458,3458,1
3458,3479,1
3458,3519,1
3458,4480,1
3458,4738,1
3460,1221,2
3460,2377,1
3460,3460,4
3461,3461,1
3461,6203,1
3462,3269,2
3462,3462,2
3464,3464,1
3464,3477,1
3464,5481,1
3464,7441,1
3470,967,1
3470,1331,1
3470,3470,1
3470,5544,1
3470,7030,1
3470,7802,1
3475,3475,1
3475,4415,1
3477,3464,1
3477,3477,1
3477,5481,1
3477,7441,1
3479,3355,1
3479,3458,1
3479,3479,1
3479,3519,1
3479,4480,1
3479,4738,1
3484,2168,1
3484,3351,1
3484,3484,1
3490,3156,1
3490,3490,1
3490,5381,1
3492,3492,1
3492,7934,1
3500,34,1
3500,915,1
3500,1331,1
3500,3500,1
3508,3508,1
3508,5198,1
3511,1533,1
3511,3511,1
3511,4587,1
3512,1342,1
3512,3512,1
3512,4730,1
3512,6734,1
3513,3513,1
3513,4118,1
3513,7139,1
3518,1391,1
3518,3518,1
3518,6107,1
3518,6903,1
3519,3355,1
3519,3458,1
3519,3479,1
3519,3519,1
3519,4480,1
3519,4738,1
3533,826,1
3533,1251,1
3533,3533,1
3533,3951,1
3534,3303,1
3534,3534,1
3535,2303,1
3535,2386,1
3535,3535,1
3535,4760,1
3538,101,1
3538,3538,1
3538,4196,1
3538,4612,1
3542,792,1
3542,3542,1
3542,3717,1
3542,7115,1
3543,1560,1
3543,3543,1
3543,4291,1
3545,364,1
3545,993,1
3545,1391,1
3545,1559,1
3545,1865,1
3545,2049,1
3545,2140,1
3545,2786,1
3545,3545,1
3545,5505,1
3546,204,1
3546,479,1
3546,1593,1
3546,3336,1
3546,3546,1
3548,234,1
3548,3548,1
3551,3551,1
3551,4143,1
3551,5582,1
3553,3553,1
3553,5728,1
3554,1990,1
3554,3554,1
3554,6822,1
3555,3555,1
3555,6144,1
3558,524,1
3558,3558,1
3564,2925,1
3564,3564,1
3564,4400,1
3564,6707,1
3570,3298,1
3570,3570,1
3575,3575,1
3575,3668,1
3575,5260,1
3577,3577,1
3577,5478,1
3587,3587,1
3587,4181,1
3587,6910,1
3597,2170,1
3597,2892,1
3597,3597,1
3597,5273,1
3597,5425,1
3604,3128,2
3604,3604,2
3621,2894,1
3621,3621,1
3640,3640,2
3641,3641,1
3641,7817,1
3645,3645,2
3645,4426,2
3645,6603,2
3645,6671,2
3649,3649,1
3649,7652,1
3650,3650,1
3650,6378,1
3654,3654,1
3654,5878,1
3654,5897,1
3655,3655,1
3655,5262,1
3659,3419,1
3659,3659,2
3659,4165,1
3659,6099,1
3660,922,1
3660,1838,1
3660,3326,1
3660,3660,2
3660,4167,1
3660,5323,1
3660,6438,1
3661,3423,1
3661,3661,2
3661,5306,1
3661,6414,1
3661,7140,1
3661,7954,1
3664,804,1
3664,3664,1
3664,6345,1
3668,3575,1
3668,3668,1
3668,5260,1
3673,3673,1
3680,170,1
3680,2898,1
3680,3680,1
3680,4009,1
3680,5224,1
3680,6153,1
3680,6671,1
3681,774,1
3681,1043,1
3681,1548,1
3681,3681,1
3681,7698,1
3688,3688,1
3688,5100,1
3696,5,1
3696,27,1
3696,381,1
3696,466,1
3696,3696,2
3696,4400,1
3696,5012,1
3697,3035,1
3697,3697,3
3697,3848,3
3697,7641,1
3701,2196,1
3701,2268,1
3701,2418,1
3701,2634,1
3701,3442,1
3701,3701,3
3701,5857,1
3701,6758,1
3701,7108,1
3701,7973,1
3713,3713,1
3713,5198,1
3717,494,1
3717,792,3
3717,2140,2
3717,3542,1
3717,3717,4
3717,4907,1
3717,5743,1
3717,7115,2
3723,1194,3
3723,1707,1
3723,3723,3
3723,5694,1
3723,5838,3
3725,539,1
3725,3287,1
3725,3725,2
3725,4047,1
3725,5721,2
3734,921,1
3734,3734,1
3734,6634,1
3738,592,1
3738,1281,1
3738,1873,1
3738,3425,1
3738,3738,3
3738,6077,1
3738,6503,2
3738,7942,3
3740,3248,1
3740,3740,1
3740,7023,1
3740,7932,1
3744,1900,1
3744,3744,1
3746,3746,1
3746,6511,1
3746,7754,1
3748,3748,1
3748,3945,1
3753,2703,1
3753,3420,1
3753,3753,1
3753,6032,1
3754,3754,1
3756,1195,1
3756,3756,1
3756,5271,1
3760,272,1
3760,3760,1
3761,2168,1
3761,3761,1
3761,5113,1
3761,6222,1
3769,3393,1
3769,3769,1
3769,6428,1
3770,920,1
3770,3770,1
3770,3802,1
3777,2760,1
3777,3777,1
3778,1194,1
3778,3778,1
3779,3108,1
3779,3779,1
3780,3780,1
3780,7292,1
3789,374,1
3789,1376,1
3789,3789,1
3790,678,1
3790,1992,1
3790,3790,1
3790,5676,1
3796,126,1
3796,2156,1
3796,2838,1
3796,3796,1
3796,4350,1
3796,4475,1
3796,4529,1
3796,5655,1
3796,5701,1
3796,5854,1
3796,6789,1
3802,920,1
3802,3770,1
3802,3802,1
3805,3805,2
3805,7724,1
3805,7792,1
3808,2356,1
3808,3808,1
3808,7421,1
3810,3810,1
3810,6219,1
3811,3811,1
3811,4086,1
3815,3815,1
3815,4953,1
3816,2718,1
3816,3816,1
3848,3035,1
3848,3697,3
3848,3848,3
3848,7641,1
3850,1012,1
3850,1015,1
3850,1140,1
3850,3850,1
3850,3913,1
3850,5973,1
3850,7774,1
3850,7790,1
3859,409,1
3859,3859,2
3859,5309,1
3859,5343,1
3859,6313,2
3860,1142,1
3860,1872,1
3860,3153,1
3860,3860,1
3866,2186,1
3866,3866,1
3868,1745,1
3868,3047,2
3868,3868,3
3868,5556,1
3868,6984,2
3868,7059,1
3868,7335,1
3870,1860,1
3870,3348,1
3870,3870,1
3870,7123,1
3877,3877,1
3879,3879,1
3879,5423,1
3884,3884,1
3884,4188,1
3884,5310,1
3884,7268,1
3898,2458,1
3898,3898,1
3898,5079,1
3898,5743,1
3913,1012,1
3913,1015,1
3913,1140,1
3913,3850,1
3913,3913,1
3913,5973,1
3913,7774,1
3913,7790,1
3924,2456,1
3924,3418,1
3924,3924,2
3926,3926,1
3926,3933,1
3933,3926,1
3933,3933,1
3938,3938,1
3939,3939,1
3939,5547,1
3939,7292,1
3939,7545,1
3941,3941,1
3941,5984,1
3945,637,1
3945,3748,1
3945,3945,3
3945,5799,1
3951,826,1
3951,1251,1
3951,3533,1
3951,3951,1
3954,2972,1
3954,3954,1
3954,6005,1
3983,3098,1
3983,3983,2
3983,7209,1
3983,7666,1
3984,3051,1
3984,3984,1
3984,4400,1
3984,6614,1
3991,514,1
3991,1873,1
3991,3991,1
3991,5003,1
3991,6718,1
3995,2140,1
3995,2412,1
3995,3995,1
3996,3996,1
3996,4465,1
3996,6780,1
3998,1158,1
3998,3998,1
4003,1203,1
4003,4003,2
4003,5443,1
4009,170,1
4009,888,1
4009,1934,1
4009,2898,1
4009,3680,1
4009,4009,2
4009,5224,1
4009,6153,2
4009,6262,1
4009,6665,1
4009,6671,2
4020,1910,1
4020,4020,1
4020,5014,1
4024,492,1
4024,2519,1
4024,4024,1
4028,4028,1
4028,6295,1
4034,437,1
4034,4034,1
4034,6777,1
4034,7480,1
4035,4035,3
4035,4294,1
4035,4421,1
4035,5917,1
4044,303,1
4044,307,1
4044,4044,1
4044,6666,1
4044,7064,1
4044,7478,1
4047,891,1
4047,1615,1
4047,2834,1
4047,3725,1
4047,4047,4
4047,4352,3
4047,4413,1
4047,5721,2
4048,841,1
4048,2035,1
4048,2517,3
4048,4048,4
4048,5537,1
4057,4057,2
4057,6651,1
4057,7841,1
4058,83,1
4058,233,1
4058,1757,1
4058,4058,1
4059,4059,1
4059,5526,1
4059,5615,1
4059,5691,1
4060,4060,3
4060,5108,1
4060,5482,1
4060,5547,1
4060,5615,1
4060,5691,1
4060,6553,1
4064,493,1
4064,1816,1
4064,2029,1
4064,2517,1
4064,4064,1
4067,1957,1
4067,4067,1
4067,4748,1
4067,6406,1
4068,4068,2
4068,4975,1
4068,7091,1
4071,4071,1
4071,4658,1
4071,7478,1
4074,126,2
4074,444,1
4074,1194,1
4074,1563,1
4074,1599,2
4074,2036,1
4074,4074,2
4074,4711,2
4086,3811,1
4086,4086,1
4102,920,1
4102,1104,1
4102,4102,1
4102,7292,1
4105,2553,1
4105,4105,1
4105,7208,1
4108,1215,1
4108,4108,1
4108,6079,1
4116,1279,1
4116,2293,1
4116,4116,1
4116,6664,1
4116,6825,1
4118,3513,1
4118,4118,4
4118,7139,4
4126,4126,1
4126,5397,1
4126,5884,1
4130,3116,1
4130,4130,1
4130,4740,1
4131,4131,1
4131,4298,1
4131,4563,1
4141,4141,1
4141,4796,1
4141,6097,1
4141,7755,1
4143,3551,1
4143,4143,1
4143,5582,1
4149,4149,1
4149,5586,1
4155,705,1
4155,1338,1
4155,1391,1
4155,2294,1
4155,4155,1
4155,4952,1
4157,4157,1
4157,6313,1
4159,588,1
4159,820,1
4159,4159,1
4165,3659,1
4165,4165,1
4167,922,1
4167,3660,1
4167,4167,1
4167,6438,1
4173,4173,1
4173,5112,1
4173,5693,1
4173,6113,1
4173,6246,1
4173,6566,1
4175,76,1
4175,3435,1
4175,4175,1
4175,5036,1
4181,3587,1
4181,4181,1
4181,6910,1
4188,3884,1
4188,4188,1
4188,5310,1
4188,7268,1
4189,3124,1
4189,4189,1
4189,6672,1
4194,1385,2
4194,1407,2
4194,4194,2
4196,101,1
4196,3538,1
4196,4196,1
4196,4612,1
4197,1506,1
4197,4197,1
4202,4202,1
4202,6509,1
4204,4204,1
4204,5232,1
4204,7287,1
4205,4205,1
4205,6173,1
4227,328,1
4227,1360,1
4227,2321,1
4227,4227,1
4227,6158,1
4227,6771,1
4232,128,1
4232,2517,1
4232,4232,1
4232,5569,1
4241,4241,1
4241,6624,1
4253,4253,1
4253,4801,1
4253,6655,1
4256,1880,1
4256,4256,1
4270,1860,1
4270,4270,1
4272,362,4
4272,1193,1
4272,1195,1
4272,1391,1
4272,4272,4
4272,4608,3
4272,5659,1
4278,4278,1
4278,5216,1
4278,7332,1
4287,745,1
4287,4287,1
4287,5323,1
4289,332,1
4289,780,1
4289,3063,1
4289,3353,1
4289,4289,1
4290,2108,1
4290,4290,1
4290,4971,1
4290,6267,1
4291,1560,1
4291,3543,1
4291,4291,1
4294,4035,1
4294,4294,1
4295,4295,1
4295,6266,1
4295,6489,1
4297,3449,1
4297,4297,1
4297,5123,1
4298,4131,1
4298,4298,1
4298,4563,1
4300,3400,1
4300,4300,1
4300,4400,1
4300,6880,1
4301,1708,2
4301,3259,1
4301,4301,3
4301,4750,2
4301,6653,1
4303,2144,1
4303,3456,1
4303,4303,1
4305,1013,1
4305,4305,1
4305,7180,1
4309,272,1
4309,4309,1
4324,1140,1
4324,3061,1
4324,4324,1
4324,7686,1
4324,7699,1
4324,7790,1
4339,3115,1
4339,4339,1
4339,4400,1
4339,5798,1
4340,517,1
4340,4340,1
4342,105,1
4342,285,1
4342,4342,1
4345,1839,1
4345,4345,1
4345,5199,1
4348,4348,1
4348,6462,1
4349,3354,1
4349,4349,1
4349,4741,1
4350,126,1
4350,2156,1
4350,2838,1
4350,3796,1
4350,4350,1
4350,4475,1
4350,4529,1
4350,5655,1
4350,5701,1
4350,5854,1
4350,6789,1
4352,891,1
4352,1615,1
4352,2834,1
4352,4047,3
4352,4352,3
4352,4413,1
4352,5721,1
4357,4357,1
4357,5348,1
4357,7478,1
4362,3315,1
4362,4362,1
4362,7212,1
4362,7478,1
4363,205,1
4363,529,1
4363,743,1
4363,2708,1
4363,2830,1
4363,3118,3
4363,3315,2
4363,4363,6
4363,4727,1
4363,6296,2
4363,7292,1
4365,4365,1
4365,7014,1
4365,7179,1
4369,416,1
4369,3131,1
4369,4369,1
4369,5226,1
4371,239,1
4371,4371,1
4373,4373,1
4373,4408,1
4373,5794,1
4374,660,1
4374,720,1
4374,2210,1
4374,4374,1
4374,7964,1
4378,1909,1
4378,4378,1
4383,1673,1
4383,4383,1
4387,4387,1
4387,5711,1
4387,6810,1
4390,69,1
4390,1391,1
4390,4390,1
4390,5240,1
4396,247,1
4396,1194,2
4396,4396,2
4400,27,1
4400,1391,1
4400,1631,1
4400,2091,1
4400,2549,1
4400,2925,1
4400,3051,1
4400,3115,1
4400,3400,1
4400,3564,1
4400,3696,1
4400,3984,1
4400,4300,1
4400,4339,1
4400,4400,9
4400,5012,1
4400,5798,3
4400,6138,1
4400,6268,1
4400,6517,1
4400,6614,1
4400,6707,1
4400,6880,1
4400,7967,1
4402,759,1
4402,4402,1
4402,4754,1
4402,4887,1
4402,6552,1
4405,4405,1
4405,6824,1
4408,4373,1
4408,4408,1
4408,5794,1
4411,979,1
4411,1391,2
4411,4411,2
4411,6100,1
4413,4047,1
4413,4352,1
4413,4413,1
4415,441,1
4415,585,1
4415,754,1
4415,1865,1
4415,3475,1
4415,4415,5
4415,6240,1
4415,6723,2
4421,4035,1
4421,4421,1
4422,513,1
4422,4422,1
4422,7743,1
4426,3645,2
4426,4426,4
4426,6153,1
4426,6603,2
4426,6671,2
4426,6900,1
4430,2906,1
4430,4430,1
4430,6955,1
4446,1500,1
4446,2456,1
4446,4446,1
4446,7893,1
4454,3068,1
4454,4454,1
4458,1457,1
4458,3329,1
4458,4458,1
4458,5266,1
4458,7015,1
4458,7292,1
4464,1274,3
4464,4464,3
4464,4696,3
4464,4726,1
4464,5688,1
4464,6662,1
4465,3996,1
4465,4465,1
4465,6780,1
4466,801,1
4466,4466,1
4473,3074,1
4473,4473,2
4473,5962,2
4473,7241,2
4475,126,1
4475,2156,1
4475,2838,1
4475,3796,1
4475,4350,1
4475,4475,1
4475,4529,1
4475,5655,1
4475,5701,1
4475,5854,1
4475,6789,1
4480,3355,1
4480,3458,1
4480,3479,1
4480,3519,1
4480,4480,1
4480,4738,1
4481,4481,2
4481,6001,2
4481,6358,2
4483,4483,1
4486,1720,1
4486,1841,1
4486,4486,1
4486,4631,1
4486,6146,1
4491,1257,1
4491,4491,1
4491,7067,1
4501,1391,1
4501,4501,1
4519,1400,1
4519,2417,1
4519,2511,1
4519,4519,1
4519,6796,1
4529,126,1
4529,2156,1
4529,2838,1
4529,3796,1
4529,4350,1
4529,4475,1
4529,4529,1
4529,5655,1
4529,5701,1
4529,5854,1
4529,6789,1
4533,156,1
4533,176,1
4533,1444,1
4533,2512,1
4533,2513,1
4533,4533,1
4535,633,1
4535,1559,1
4535,2228,1
4535,4535,1
4535,4817,1
4544,1559,1
4544,4544,1
4544,6165,1
4544,6295,1
4544,6520,1
4552,1363,1
4552,1999,1
4552,4552,1
4562,320,1
4562,2597,1
4562,4562,2
4562,4914,1
4562,5522,2
4563,4131,1
4563,4298,1
4563,4563,1
4564,1991,1
4564,4564,1
4580,705,1
4580,2497,1
4580,4580,1
4584,4584,1
4584,4751,1
4584,6300,1
4584,7729,1
4587,1533,1
4587,3511,1
4587,4587,1
4596,786,1
4596,1290,1
4596,4596,1
4596,4705,1
4604,4604,1
4604,5323,1
4608,362,3
4608,1193,1
4608,1195,1
4608,4272,3
4608,4608,3
4612,101,1
4612,3538,1
4612,4196,1
4612,4612,1
4617,1330,1
4617,4617,1
4617,4961,1
4621,2537,1
4621,2860,1
4621,3230,1
4621,3231,1
4621,3369,1
4621,4621,1
4621,4922,1
4621,5670,1
4621,5675,1
4621,6398,1
4621,6551,1
4625,2840,1
4625,4625,1
4625,7599,1
4631,1720,1
4631,1841,1
4631,4486,1
4631,4631,1
4631,6146,1
4646,4646,1
4652,1397,1
4652,4652,1
4652,5173,1
4652,5616,1
4652,6201,1
4658,3334,1
4658,4071,1
4658,4658,2
4658,6163,1
4658,7478,1
4669,2840,1
4669,4669,1
4669,5669,1
4673,4673,1
4673,4909,1
4673,5111,1
4673,5220,1
4673,5676,1
4675,2840,1
4675,4675,1
4677,4677,1
4677,7152,1
4677,7618,1
4677,7716,1
4682,1353,1
4682,4682,1
4696,1274,3
4696,4464,3
4696,4696,3
4696,4726,1
4696,5688,1
4696,6662,1
4700,1489,1
4700,3237,1
4700,4700,2
4700,6747,1
4700,6960,1
4704,1708,1
4704,4704,1
4704,5731,1
4705,786,1
4705,1290,1
4705,4596,1
4705,4705,1
4711,126,2
4711,444,1
4711,1194,1
4711,1563,1
4711,1599,2
4711,2036,1
4711,4074,2
4711,4711,2
4713,4713,1
4713,7788,1
4713,7796,1
4719,1635,1
4719,3133,1
4719,4719,1
4723,1061,1
4723,4723,1
4723,6545,1
4723,7008,1
4726,1274,1
4726,4464,1
4726,4696,1
4726,4726,1
4727,205,1
4727,4363,1
4727,4727,1
4730,1342,1
4730,3512,1
4730,4730,1
4730,6734,1
4732,862,1
4732,1873,1
4732,4732,1
4732,6401,1
4736,734,1
4736,1919,1
4736,2478,1
4736,3444,1
4736,4736,1
4736,7942,1
4738,3355,1
4738,3458,1
4738,3479,1
4738,3519,1
4738,4480,1
4738,4738,1
4740,3116,1
4740,4130,1
4740,4740,1
4741,3354,1
4741,4349,1
4741,4741,1
4743,780,1
4743,4743,1
4748,1957,1
4748,4067,1
4748,4748,1
4748,6406,1
4750,1708,2
4750,4301,2
4750,4750,2
4750,6653,1
4751,4584,1
4751,4751,1
4751,6300,1
4751,7729,1
4754,759,1
4754,4402,1
4754,4754,1
4754,4887,1
4754,6552,1
4755,4755,1
4755,5134,1
4755,6489,1
4757,1277,1
4757,4757,1
4757,5051,1
4757,6534,1
4760,2303,1
4760,2386,1
4760,3535,1
4760,4760,1
4769,321,1
4769,4769,1
4773,2786,1
4773,4773,1
4783,1333,1
4783,2510,1
4783,4783,1
4791,1681,1
4791,4791,1
4791,6568,1
4793,4793,1
4793,5257,1
4796,4141,1
4796,4796,1
4796,6097,1
4796,7755,1
4800,2840,1
4800,4800,1
4800,6639,1
4801,4253,1
4801,4801,2
4801,6608,1
4801,6655,1
4803,2786,2
4803,4803,2
4803,4963,1
4808,238,1
4808,4808,1
4808,6140,1
4817,633,1
4817,1559,1
4817,2228,1
4817,4535,1
4817,4817,1
4837,2557,1
4837,4837,1
4837,5740,1
4837,6408,1
4840,4840,2
4840,6566,1
4840,6804,1
4840,6829,1
4843,4843,1
4843,5583,1
4843,6546,1
4845,55,1
4845,1184,1
4845,1201,1
4845,4845,2
4845,5098,1
4845,6240,1
4859,4859,1
4859,6394,1
4875,4875,1
4875,5869,1
4875,7436,1
4877,775,1
4877,4877,1
4883,126,1
4883,2036,1
4883,4883,1
4884,3159,1
4884,4884,1
4884,7292,1
4886,572,1
4886,4886,1
4886,5255,1
4887,759,1
4887,4402,1
4887,4754,1
4887,4887,1
4887,6552,1
4891,336,1
4891,4891,1
4891,6799,1
4893,4893,1
4893,7222,1
4893,7292,1
4893,7486,1
4903,1525,1
4903,1990,1
4903,4903,1
4906,4906,1
4906,6113,1
4907,316,1
4907,493,1
4907,494,1
4907,873,1
4907,1884,1
4907,2038,1
4907,2140,1
4907,2148,1
4907,3717,1
4907,4907,3
4907,5743,1
4908,138,2
4908,892,1
4908,1369,1
4908,4908,2
4909,4673,1
4909,4909,1
4909,5111,1
4909,5220,1
4909,5676,1
4911,2037,1
4911,2523,1
4911,4911,1
4914,320,1
4914,2597,1
4914,4562,1
4914,4914,1
4914,5522,1
4921,1910,1
4921,3112,1
4921,4921,1
4922,2537,1
4922,2860,1
4922,3230,1
4922,3231,1
4922,3369,1
4922,4621,1
4922,4922,1
4922,5670,1
4922,5675,1
4922,6398,1
4922,6551,1
4929,2325,1
4929,3266,1
4929,4929,1
4946,520,1
4946,2354,1
4946,4946,1
4952,705,1
4952,1338,1
4952,1391,1
4952,2294,1
4952,4155,1
4952,4952,1
4953,3815,1
4953,4953,1
4954,705,1
4954,4954,1
4954,7436,1
4961,1330,1
4961,4617,1
4961,4961,2
4961,4962,1
4962,4961,1
4962,4962,1
4963,2786,1
4963,4803,1
4963,4963,1
4967,270,1
4967,880,1
4967,4967,1
4971,2108,1
4971,4290,1
4971,4971,1
4971,6267,1
4975,4068,1
4975,4975,1
4975,7091,1
4988,75,1
4988,4988,1
4988,6547,1
4994,3323,1
4994,4994,1
4994,5132,1
4994,6502,1
5003,514,1
5003,1873,1
5003,3991,1
5003,5003,1
5003,6718,1
5008,5008,1
5008,5788,1
5012,27,1
5012,3696,1
5012,4400,1
5012,5012,1
5013,1278,1
5013,5013,1
5014,1910,1
5014,4020,1
5014,5014,1
5018,5018,1
5018,7222,1
5019,5019,1
5019,6864,1
5026,909,1
5026,2404,1
5026,5026,1
5029,418,1
5029,5029,1
5036,76,1
5036,3435,1
5036,4175,1
5036,5036,1
5037,912,1
5037,5037,1
5037,6178,1
5042,5042,2
5042,6142,2
5042,6512,1
5049,1684,1
5049,5049,1
5049,5182,1
5049,6461,1
5049,6864,1
5051,1277,1
5051,4757,1
5051,5051,1
5051,6534,1
5052,1685,1
5052,5052,1
5059,715,1
5059,2796,1
5059,5059,1
5059,5801,1
5059,7119,1
5063,650,1
5063,903,1
5063,5063,1
5065,5065,1
5065,5909,1
5065,6307,1
5067,5067,1
5079,2458,1
5079,3898,1
5079,5079,1
5079,5743,1
5080,574,1
5080,1559,1
5080,5080,1
5098,1184,1
5098,4845,1
5098,5098,1
5098,6240,1
5100,3688,1
5100,5100,1
5103,370,1
5103,2533,1
5103,5103,1
5108,4060,1
5108,5108,1
5108,5547,1
5108,5691,1
5108,6553,1
5111,4673,1
5111,4909,1
5111,5111,1
5111,5220,1
5111,5676,1
5112,4173,1
5112,5112,1
5112,5693,1
5112,6113,1
5112,6246,1
5112,6566,1
5113,2168,1
5113,3761,1
5113,5113,1
5113,6222,1
5115,1877,1
5115,5115,1
5123,3449,1
5123,4297,1
5123,5123,1
5129,1377,1
5129,5129,1
5129,6161,1
5132,3323,1
5132,4994,1
5132,5132,1
5132,6502,1
5134,4755,1
5134,5134,1
5134,6489,1
5136,5136,1
5136,6887,1
5147,5147,1
5147,5732,1
5147,7078,1
5158,526,1
5158,5158,1
5158,7963,1
5163,898,1
5163,1686,1
5163,5163,1
5173,1397,1
5173,4652,1
5173,5173,1
5173,5616,1
5173,6201,1
5181,1867,4
5181,5181,5
5181,6211,4
5182,1684,1
5182,5049,1
5182,5182,1
5182,6461,1
5182,6864,1
5184,3289,1
5184,5184,1
5184,5790,1
5188,2125,1
5188,2231,1
5188,3308,1
5188,5188,1
5188,6069,1
5188,6586,1
5197,5197,1
5197,6264,1
5198,1996,1
5198,3508,1
5198,3713,1
5198,5198,5
5198,6260,1
5199,1839,1
5199,4345,1
5199,5199,1
5209,1195,1
5209,2891,1
5209,5209,1
5216,4278,1
5216,5216,1
5216,7332,1
5220,4673,1
5220,4909,1
5220,5111,1
5220,5220,1
5220,5676,1
5224,170,1
5224,2898,1
5224,3680,1
5224,4009,1
5224,5224,1
5224,6153,1
5224,6671,1
5226,416,1
5226,3131,1
5226,4369,1
5226,5226,1
5231,1671,1
5231,5231,1
5232,4204,1
5232,5232,1
5232,7287,1
5240,69,1
5240,1391,1
5240,4390,1
5240,5240,1
5245,963,1
5245,2666,1
5245,5245,1
5247,1590,1
5247,5247,1
5247,6275,1
5247,6276,1
5255,572,1
5255,4886,1
5255,5255,1
5257,4793,1
5257,5257,1
5260,2356,1
5260,3575,1
5260,3668,1
5260,5260,6
5260,5281,1
5260,5546,1
5261,5261,3
5261,6470,1
5261,6471,1
5262,3655,1
5262,5262,1
5266,1457,1
5266,3329,1
5266,4458,1
5266,5266,1
5266,7015,1
5266,7292,1
5271,1195,1
5271,3756,1
5271,5271,1
5273,2170,1
5273,2892,1
5273,3597,1
5273,5273,1
5273,5425,1
5277,1854,2
5277,5277,2
5277,5602,1
5281,5260,1
5281,5281,1
5306,3661,1
5306,5306,1
5306,7140,1
5306,7954,1
5309,409,1
5309,2701,1
5309,3859,1
5309,5309,2
5309,6313,2
5310,3884,1
5310,4188,1
5310,5310,1
5310,7268,1
5319,5319,1
5319,7392,1
5323,100,3
5323,605,2
5323,745,1
5323,1391,1
5323,1600,1
5323,1753,1
5323,1823,1
5323,1838,1
5323,2108,2
5323,2337,1
5323,2724,2
5323,2997,1
5323,3326,1
5323,3660,1
5323,4287,1
5323,4604,1
5323,5323,17
5323,5761,1
5323,6022,1
5323,6313,1
5323,6546,1
5323,6623,2
5323,6835,1
5323,7182,1
5323,7436,3
5323,7581,1
5323,7944,1
5325,2611,1
5325,5325,1
5325,6978,1
5325,7417,1
5325,7628,1
5343,1331,1
5343,3859,1
5343,5343,2
5343,6313,2
5348,2313,1
5348,2744,1
5348,2931,1
5348,4357,1
5348,5348,2
5348,5361,1
5348,6171,1
5348,7478,2
5361,2313,1
5361,2744,1
5361,2931,1
5361,5348,1
5361,5361,1
5361,6171,1
5361,7478,1
5364,5364,2
5364,6225,2
5376,741,1
5376,2897,1
5376,5376,1
5380,5380,1
5380,5674,1
5380,6548,1
5381,3156,2
5381,3490,1
5381,5381,2
5393,933,3
5393,5393,3
5397,4126,1
5397,5397,1
5397,5884,1
5398,730,1
5398,5398,1
5398,6394,1
5398,6546,1
5415,2350,1
5415,5415,1
5415,6954,1
5422,912,1
5422,1336,1
5422,5422,1
5423,1664,1
5423,2836,1
5423,3879,1
5423,5423,3
5423,5732,1
5423,6101,1
5425,2170,1
5425,2892,1
5425,3597,1
5425,5273,1
5425,5425,1
5443,2883,1
5443,4003,1
5443,5443,2
5445,5445,2
5445,6026,1
5449,2753,1
5449,5449,1
5450,770,1
5450,1348,1
5450,5450,1
5469,2823,1
5469,5469,1
5469,6454,1
5478,3577,1
5478,5478,1
5481,3464,1
5481,3477,1
5481,5481,2
5481,6263,1
5481,7441,1
5482,4060,1
5482,5482,1
5499,2716,1
5499,5499,1
5499,6133,1
5505,364,1
5505,993,1
5505,1391,1
5505,1559,1
5505,1865,1
5505,2049,1
5505,2140,1
5505,2786,1
5505,3545,1
5505,5505,1
5508,80,1
5508,2116,1
5508,5508,1
5515,5515,1
5515,6422,1
5515,7948,1
5522,320,1
5522,2597,1
5522,4562,2
5522,4914,1
5522,5522,2
5523,2767,1
5523,5523,1
5523,6867,1
5526,4059,1
5526,5526,1
5526,5615,1
5526,5691,1
5532,1575,1
5532,2936,1
5532,5532,1
5537,2035,1
5537,4048,1
5537,5537,1
5538,2908,1
5538,5538,1
5540,1193,1
5540,1260,1
5540,5540,1
5542,5542,1
5542,5705,1
5542,6247,1
5544,967,1
5544,1331,1
5544,3470,1
5544,5544,1
5544,7030,1
5544,7802,1
5546,5260,1
5546,5546,1
5547,3939,1
5547,4060,1
5547,5108,1
5547,5547,2
5547,5691,1
5547,6553,1
5547,7292,1
5547,7545,1
5552,1185,1
5552,1218,1
5552,2517,1
5552,5552,1
5552,5589,1
5552,7971,1
5555,308,1
5555,3353,1
5555,5555,1
5555,5637,1
5556,1745,1
5556,3868,1
5556,5556,1
5556,7059,1
5569,128,1
5569,2517,1
5569,4232,1
5569,5569,1
5570,2426,1
5570,5570,1
5575,5575,3
5575,6257,1
5575,6506,1
5582,3551,1
5582,4143,1
5582,5582,1
5583,4843,1
5583,5583,1
5583,6546,1
5586,4149,1
5586,5586,1
5587,1985,1
5587,5587,1
5587,5695,1
5589,1185,1
5589,1218,1
5589,2517,1
5589,5552,1
5589,5589,1
5589,7971,1
5590,2156,1
5590,5590,1
5590,5701,1
5590,6789,1
5594,5594,2
5602,1854,1
5602,5277,1
5602,5602,1
5611,239,1
5611,5611,1
5611,5625,1
5611,5653,1
5615,4059,1
5615,4060,1
5615,5526,1
5615,5615,3
5615,5691,1
5615,7292,1
5616,1397,1
5616,4652,1
5616,5173,1
5616,5616,1
5616,6201,1
5622,1899,1
5622,5622,1
5623,5623,1
5625,239,1
5625,5611,1
5625,5625,1
5625,5653,1
5626,5626,1
5637,308,1
5637,3353,1
5637,5555,1
5637,5637,1
5639,1230,1
5639,2259,1
5639,5639,1
5639,6386,1
5653,239,1
5653,5611,1
5653,5625,1
5653,5653,1
5655,126,1
5655,2156,1
5655,2838,1
5655,3796,1
5655,4350,1
5655,4475,1
5655,4529,1
5655,5655,1
5655,5701,1
5655,5854,1
5655,6789,1
5659,362,1
5659,1391,1
5659,4272,1
5659,5659,1
5667,5667,1
5667,6397,1
5669,2840,1
5669,4669,1
5669,5669,1
5670,2537,1
5670,2860,1
5670,3230,1
5670,3231,1
5670,3369,1
5670,4621,1
5670,4922,1
5670,5670,1
5670,5675,1
5670,6398,1
5670,6551,1
5674,5380,1
5674,5674,1
5674,6548,1
5675,2537,1
5675,2860,1
5675,3230,1
5675,3231,1
5675,3369,1
5675,4621,1
5675,4922,1
5675,5670,1
5675,5675,1
5675,6398,1
5675,6551,1
5676,678,1
5676,1992,1
5676,3790,1
5676,4673,1
5676,4909,1
5676,5111,1
5676,5220,1
5676,5676,2
5685,253,1
5685,5685,2
5688,1274,1
5688,4464,1
5688,4696,1
5688,5688,1
5688,6662,1
5691,4059,1
5691,4060,1
5691,5108,1
5691,5526,1
5691,5547,1
5691,5615,1
5691,5691,2
5691,6553,1
5693,379,1
5693,1224,1
5693,2357,1
5693,4173,1
5693,5112,1
5693,5693,3
5693,6113,1
5693,6218,1
5693,6246,1
5693,6480,1
5693,6507,1
5693,6566,1
5693,6671,1
5694,1194,1
5694,3723,1
5694,5694,1
5694,5838,1
5695,1985,1
5695,5587,1
5695,5695,1
5696,5696,1
5701,126,1
5701,2156,2
5701,2838,1
5701,3796,1
5701,4350,1
5701,4475,1
5701,4529,1
5701,5590,1
5701,5655,1
5701,5701,2
5701,5854,1
5701,6789,2
5704,380,1
5704,1674,1
5704,5704,1
5704,6706,1
5705,5542,1
5705,5705,1
5705,6247,1
5709,2568,1
5709,3065,1
5709,5709,2
5711,4387,1
5711,5711,1
5711,6810,1
5717,802,1
5717,1222,1
5717,5717,1
5720,1218,1
5720,1307,1
5720,1699,1
5720,5720,1
5721,539,1
5721,1615,1
5721,3287,1
5721,3725,2
5721,4047,2
5721,4352,1
5721,5721,3
5728,3553,1
5728,5728,1
5730,2142,1
5730,2354,1
5730,5730,1
5730,7582,1
5731,1708,1
5731,4704,1
5731,5731,1
5732,1664,1
5732,5147,1
5732,5423,1
5732,5732,2
5732,7078,1
5740,2557,1
5740,4837,1
5740,5740,1
5740,6408,1
5743,494,1
5743,2140,1
5743,2458,1
5743,3717,1
5743,3898,1
5743,4907,1
5743,5079,1
5743,5743,2
5753,2474,1
5753,5753,1
5753,7177,1
5758,1471,1
5758,5758,1
5758,6190,1
5760,1953,1
5760,5760,1
5761,1391,1
5761,1600,1
5761,5323,1
5761,5761,1
5761,6546,1
5762,788,1
5762,5762,1
5778,1205,1
5778,1926,1
5778,1931,1
5778,5778,1
5788,5008,1
5788,5788,1
5790,3289,1
5790,5184,1
5790,5790,1
5794,4373,1
5794,4408,1
5794,5794,1
5798,1391,1
5798,2091,1
5798,3115,1
5798,4339,1
5798,4400,3
5798,5798,3
5798,6268,1
5798,6517,1
5798,7967,1
5799,3945,1
5799,5799,1
5801,715,1
5801,2796,1
5801,5059,1
5801,5801,1
5801,7119,1
5806,5806,1
5806,6863,1
5812,714,1
5812,1457,1
5812,5812,1
5838,1194,3
5838,1707,1
5838,3723,3
5838,5694,1
5838,5838,3
5842,321,1
5842,2365,1
5842,5842,1
5854,126,1
5854,2156,1
5854,2838,1
5854,3796,1
5854,4350,1
5854,4475,1
5854,4529,1
5854,5655,1
5854,5701,1
5854,5854,1
5854,6789,1
5857,2196,1
5857,2634,1
5857,3442,1
5857,3701,1
5857,5857,1
5864,3397,1
5864,5864,1
5864,7485,1
5866,1854,1
5866,3212,1
5866,5866,1
5869,517,1
5869,1583,1
5869,4875,1
5869,5869,3
5869,7436,2
5869,7478,1
5878,3654,1
5878,5878,1
5878,5897,1
5879,1716,1
5879,2776,1
5879,2877,1
5879,5879,1
5883,1171,1
5883,5883,1
5883,6145,1
5883,6237,1
5884,4126,1
5884,5397,1
5884,5884,1
5892,1714,1
5892,3020,1
5892,3128,1
5892,5892,1
5892,7465,1
5893,804,1
5893,5893,1
5897,1557,1
5897,3654,1
5897,5878,1
5897,5897,2
5908,333,1
5908,3385,1
5908,5908,1
5909,5065,1
5909,5909,1
5909,6307,1
5915,926,1
5915,3263,1
5915,5915,1
5915,5958,1
5915,6644,1
5917,4035,1
5917,5917,1
5931,223,1
5931,5931,1
5931,7570,1
5933,2550,1
5933,5933,1
5933,7199,1
5936,2835,1
5936,5936,1
5951,2425,1
5951,5951,1
5951,7190,1
5958,926,2
5958,1149,1
5958,3263,1
5958,5915,1
5958,5958,2
5958,6644,2
5960,5960,1
5960,6038,1
5962,940,2
5962,3074,1
5962,4473,2
5962,5962,5
5962,7241,2
5962,7292,1
5963,1726,1
5963,2010,1
5963,2943,1
5963,5963,1
5963,6993,1
5964,2333,1
5964,3091,1
5964,5964,1
5964,7687,1
5972,1611,1
5972,5972,1
5973,1012,1
5973,1015,1
5973,1140,1
5973,3850,1
5973,3913,1
5973,5973,1
5973,7774,1
5973,7790,1
5974,1096,1
5974,5974,1
5974,6677,1
5984,3941,1
5984,5984,1
5995,1906,1
5995,3272,1
5995,5995,1
6000,6000,1
6000,6393,1
6000,6484,1
6001,3424,1
6001,4481,2
6001,6001,3
6001,6358,3
6005,2972,1
6005,3954,1
6005,6005,1
6017,1054,1
6017,1058,3
6017,6017,4
6022,5323,1
6022,6022,1
6022,6313,1
6026,5445,1
6026,6026,1
6027,2405,1
6027,6027,1
6027,7418,1
6032,2703,1
6032,3420,1
6032,3753,1
6032,6032,1
6038,5960,1
6038,6038,1
6063,6063,1
6063,7658,1
6066,1350,1
6066,6066,3
6066,6544,2
6066,7292,3
6069,2125,1
6069,2231,1
6069,3308,1
6069,5188,1
6069,6069,1
6069,6586,1
6077,592,1
6077,3425,1
6077,3738,1
6077,6077,1
6077,7942,1
6079,1215,1
6079,1616,1
6079,4108,1
6079,6079,2
6094,6094,1
6097,4141,1
6097,4796,1
6097,6097,1
6097,7755,1
6099,3419,1
6099,3659,1
6099,6099,1
6100,1391,1
6100,4411,1
6100,6100,1
6101,2836,1
6101,5423,1
6101,6101,1
6105,1720,1
6105,1841,1
6105,6105,1
6107,1391,1
6107,3518,1
6107,6107,1
6107,6903,1
6108,913,1
6108,977,1
6108,6108,1
6113,4173,1
6113,4906,1
6113,5112,1
6113,5693,1
6113,6113,3
6113,6246,1
6113,6566,1
6113,7751,1
6116,1870,1
6116,1871,1
6116,6116,1
6116,6529,1
6130,760,1
6130,3347,1
6130,6130,1
6133,2716,1
6133,5499,1
6133,6133,1
6138,4400,1
6138,6138,1
6140,168,1
6140,238,1
6140,1423,1
6140,4808,1
6140,6140,2
6142,5042,2
6142,6142,2
6142,6512,1
6143,331,1
6143,6143,1
6144,3555,1
6144,6144,1
6145,1171,1
6145,5883,1
6145,6145,1
6145,6237,1
6146,1720,1
6146,1841,1
6146,4486,1
6146,4631,1
6146,6146,1
6153,170,1
6153,888,1
6153,1934,1
6153,2898,1
6153,3680,1
6153,4009,2
6153,4426,1
6153,5224,1
6153,6153,3
6153,6262,1
6153,6665,1
6153,6671,2
6154,1420,1
6154,6154,1
6154,6849,1
6155,1420,1
6155,6155,1
6155,6850,1
6156,1662,1
6156,6156,1
6156,6875,1
6156,7676,1
6156,7966,1
6158,328,1
6158,1360,1
6158,2321,1
6158,4227,1
6158,6158,1
6158,6771,1
6161,1377,1
6161,5129,1
6161,6161,1
6163,3334,1
6163,4658,1
6163,6163,1
6165,1559,1
6165,4544,1
6165,6165,1
6165,6295,1
6165,6520,1
6171,2313,1
6171,2744,1
6171,2931,1
6171,5348,1
6171,5361,1
6171,6171,1
6171,7478,1
6173,4205,1
6173,6173,1
6175,6175,1
6178,912,1
6178,5037,1
6178,6178,1
6180,6180,2
6189,804,1
6189,6189,1
6190,1471,1
6190,5758,1
6190,6190,1
6192,798,1
6192,1550,1
6192,2814,1
6192,6192,1
6201,1397,1
6201,4652,1
6201,5173,1
6201,5616,1
6201,6201,1
6203,3461,1
6203,6203,1
6211,1867,4
6211,5181,4
6211,6211,4
6218,1224,1
6218,5693,1
6218,6218,1
6219,3810,1
6219,6219,1
6222,2168,1
6222,3761,1
6222,5113,1
6222,6222,1
6225,5364,2
6225,6225,2
6235,3270,1
6235,6235,1
6236,2796,1
6236,6236,1
6237,1171,1
6237,5883,1
6237,6145,1
6237,6237,1
6240,754,1
6240,1184,1
6240,2257,1
6240,2448,1
6240,4415,1
6240,4845,1
6240,5098,1
6240,6240,3
6246,4173,1
6246,5112,1
6246,5693,1
6246,6113,1
6246,6246,1
6246,6566,1
6247,5542,1
6247,5705,1
6247,6247,1
6257,5575,1
6257,6257,1
6260,901,1
6260,5198,1
6260,6260,2
6262,888,1
6262,1934,1
6262,4009,1
6262,6153,1
6262,6262,1
6262,6665,1
6262,6671,1
6263,5481,1
6263,6263,1
6264,5197,1
6264,6264,1
6266,4295,1
6266,6266,1
6266,6489,1
6267,2108,1
6267,4290,1
6267,4971,1
6267,6267,1
6268,1391,1
6268,4400,1
6268,5798,1
6268,6268,1
6275,1590,1
6275,5247,1
6275,6275,1
6275,6276,1
6276,1590,1
6276,5247,1
6276,6275,1
6276,6276,1
6278,1827,1
6278,3298,1
6278,3369,1
6278,6278,1
6278,7754,1
6281,6281,1
6286,6286,1
6291,330,1
6291,769,1
6291,6291,1
6291,7083,1
6295,574,1
6295,1379,1
6295,1559,3
6295,4028,1
6295,4544,1
6295,6165,1
6295,6295,4
6295,6520,1
6296,3118,2
6296,3315,2
6296,4363,2
6296,6296,2
6300,4584,1
6300,4751,1
6300,6300,1
6300,7729,1
6302,641,1
6302,1638,1
6302,3408,1
6302,6302,1
6307,5065,1
6307,5909,1
6307,6307,1
6309,931,1
6309,1245,1
6309,6309,2
6309,7943,1
6310,6310,1
6312,1192,1
6312,1331,1
6312,6312,1
6313,409,1
6313,1331,2
6313,2701,1
6313,3859,2
6313,4157,1
6313,5309,2
6313,5323,1
6313,5343,2
6313,6022,1
6313,6313,7
6340,3075,1
6340,3416,2
6340,6340,3
6340,6344,1
6344,3075,1
6344,6340,1
6344,6344,1
6345,804,4
6345,3664,1
6345,6345,4
6345,7710,1
6349,1297,1
6349,6349,1
6358,3424,1
6358,4481,2
6358,6001,3
6358,6358,3
6367,6367,1
6367,6986,1
6367,6987,1
6367,7090,1
6378,3650,1
6378,6378,1
6386,1230,1
6386,2259,1
6386,5639,1
6386,6386,1
6393,6000,1
6393,6393,1
6393,6484,1
6394,730,1
6394,4859,1
6394,5398,1
6394,6394,2
6394,6546,1
6397,5667,1
6397,6397,1
6398,2537,1
6398,2860,1
6398,3230,1
6398,3231,1
6398,3369,1
6398,4621,1
6398,4922,1
6398,5670,1
6398,5675,1
6398,6398,1
6398,6551,1
6401,862,2
6401,1873,1
6401,4732,1
6401,6401,2
6401,6943,1
6406,1957,1
6406,4067,1
6406,4748,1
6406,6406,1
6408,2557,1
6408,4837,1
6408,5740,1
6408,6408,1
6414,3423,1
6414,3661,1
6414,6414,1
6421,6421,1
6422,5515,1
6422,6422,1
6422,7948,1
6428,401,1
6428,1331,1
6428,2135,2
6428,3393,1
6428,3769,1
6428,6428,4
6428,7411,1
6429,1113,1
6429,6429,1
6429,7082,1
6438,922,1
6438,3660,1
6438,4167,1
6438,6438,1
6440,845,1
6440,3030,1
6440,6440,1
6453,2304,1
6453,6453,1
6454,2823,1
6454,5469,1
6454,6454,1
6461,1684,1
6461,5049,1
6461,5182,1
6461,6461,1
6461,6864,1
6462,4348,1
6462,6462,1
6470,5261,1
6470,6470,1
6471,5261,1
6471,6471,1
6478,359,1
6478,527,1
6478,6478,1
6478,7942,1
6479,1374,1
6479,1403,1
6479,6479,1
6480,379,1
6480,2357,1
6480,5693,1
6480,6480,1
6480,6507,1
6480,6671,1
6482,5,1
6482,6482,1
6484,6000,1
6484,6393,1
6484,6484,1
6485,228,1
6485,1499,1
6485,2537,1
6485,2598,1
6485,6485,1
6489,4295,1
6489,4755,1
6489,5134,1
6489,6266,1
6489,6489,2
6490,6490,1
6490,7129,1
6490,7467,1
6494,126,1
6494,2105,1
6494,6494,1
6494,6566,1
6502,3323,1
6502,4994,1
6502,5132,1
6502,6502,1
6503,324,1
6503,1281,1
6503,1873,1
6503,3738,2
6503,6503,4
6503,7942,4
6506,661,1
6506,5575,1
6506,6506,2
6507,379,1
6507,2357,1
6507,5693,1
6507,6480,1
6507,6507,1
6507,6671,1
6509,4202,1
6509,6509,1
6511,3746,1
6511,6511,1
6511,7754,1
6512,5042,1
6512,6142,1
6512,6512,1
6514,2952,1
6514,6514,1
6514,7160,1
6517,2091,1
6517,4400,1
6517,5798,1
6517,6517,1
6517,7967,1
6520,1559,1
6520,4544,1
6520,6165,1
6520,6295,1
6520,6520,1
6522,2279,1
6522,3329,1
6522,6522,2
6522,6544,1
6522,7017,1
6522,7292,2
6525,2012,1
6525,6525,1
6525,7220,1
6529,1870,1
6529,1871,1
6529,6116,1
6529,6529,1
6534,1277,1
6534,1910,1
6534,4757,1
6534,5051,1
6534,6534,2
6537,493,1
6537,6537,1
6544,1113,1
6544,1350,1
6544,6066,2
6544,6522,1
6544,6544,4
6544,7017,1
6544,7292,3
6544,7434,1
6545,1061,1
6545,4723,1
6545,6545,1
6545,7008,1
6546,730,1
6546,1391,1
6546,1600,1
6546,4843,1
6546,5323,1
6546,5398,1
6546,5583,1
6546,5761,1
6546,6394,1
6546,6546,3
6547,75,1
6547,4988,1
6547,6547,1
6548,5380,1
6548,5674,1
6548,6548,1
6551,2537,1
6551,2860,1
6551,3230,1
6551,3231,1
6551,3369,1
6551,4621,1
6551,4922,1
6551,5670,1
6551,5675,1
6551,6398,1
6551,6551,1
6552,759,1
6552,4402,1
6552,4754,1
6552,4887,1
6552,6552,1
6553,4060,1
6553,5108,1
6553,5547,1
6553,5691,1
6553,6553,1
6566,126,2
6566,2105,1
6566,4173,1
6566,4840,1
6566,5112,1
6566,5693,1
6566,6113,1
6566,6246,1
6566,6494,1
6566,6566,4
6566,6804,1
6567,1674,1
6567,6567,1
6568,1681,1
6568,4791,1
6568,6568,1
6574,294,1
6574,6574,1
6577,1418,1
6577,3253,1
6577,6577,1
6586,2125,1
6586,2231,1
6586,3308,1
6586,5188,1
6586,6069,1
6586,6586,1
6599,6599,1
6599,6884,1
6603,3645,2
6603,4426,2
6603,6603,2
6603,6671,2
6608,4801,1
6608,6608,1
6614,3051,1
6614,3984,1
6614,4400,1
6614,6614,1
6618,6618,1
6618,7292,1
6623,2997,1
6623,5323,2
6623,6623,2
6623,6835,1
6623,7182,1
6624,4241,1
6624,6624,1
6634,921,1
6634,3734,1
6634,6634,1
6639,2840,1
6639,4800,1
6639,6639,1
6644,926,2
6644,1149,1
6644,3263,1
6644,5915,1
6644,5958,2
6644,6644,2
6648,2099,1
6648,6648,1
6651,4057,1
6651,6651,1
6653,1708,1
6653,4301,1
6653,4750,1
6653,6653,1
6655,4253,1
6655,4801,1
6655,6655,1
6660,3082,1
6660,3204,1
6660,6660,1
6662,1274,1
6662,4464,1
6662,4696,1
6662,5688,1
6662,6662,1
6664,1279,1
6664,2293,1
6664,4116,1
6664,6664,1
6664,6825,1
6665,888,1
6665,1934,1
6665,4009,1
6665,6153,1
6665,6262,1
6665,6665,1
6665,6671,1
6666,303,1
6666,307,1
6666,4044,1
6666,6666,1
6666,7064,1
6666,7478,1
6671,170,1
6671,379,1
6671,693,1
6671,888,1
6671,1934,1
6671,2357,1
6671,2898,1
6671,3645,2
6671,3680,1
6671,4009,2
6671,4426,2
6671,5224,1
6671,5693,1
6671,6153,2
6671,6262,1
6671,6480,1
6671,6507,1
6671,6603,2
6671,6665,1
6671,6671,6
6672,3124,1
6672,4189,1
6672,6672,1
6677,1096,1
6677,1145,1
6677,5974,1
6677,6677,2
6677,7474,1
6677,7694,1
6680,1123,1
6680,1569,1
6680,1648,1
6680,6680,1
6683,2863,1
6683,6683,1
6706,380,1
6706,1674,1
6706,5704,1
6706,6706,1
6707,2925,1
6707,3564,1
6707,4400,1
6707,6707,1
6715,2255,1
6715,6715,1
6718,514,1
6718,1873,1
6718,3991,1
6718,5003,1
6718,6718,1
6722,6722,1
6722,6933,1
6723,441,1
6723,4415,2
6723,6723,2
6730,1673,1
6730,6730,1
6734,1342,1
6734,3512,1
6734,4730,1
6734,6734,1
6745,1244,1
6745,1631,1
6745,6745,1
6747,1489,1
6747,4700,1
6747,6747,1
6747,6960,1
6758,3701,1
6758,6758,1
6758,7973,1
6770,2298,1
6770,6770,1
6771,328,1
6771,1360,1
6771,2321,1
6771,4227,1
6771,6158,1
6771,6771,1
6777,437,1
6777,4034,1
6777,6777,1
6777,7480,1
6780,3996,1
6780,4465,1
6780,6780,1
6789,126,1
6789,2156,2
6789,2838,1
6789,3796,1
6789,4350,1
6789,4475,1
6789,4529,1
6789,5590,1
6789,5655,1
6789,5701,2
6789,5854,1
6789,6789,2
6796,1400,1
6796,2417,1
6796,2511,1
6796,4519,1
6796,6796,1
6798,6798,1
6798,7467,1
6799,336,1
6799,4891,1
6799,6799,1
6804,4840,1
6804,6566,1
6804,6804,1
6810,4387,1
6810,5711,1
6810,6810,1
6813,6813,1
6813,7519,1
6822,1990,1
6822,3554,1
6822,6822,1
6824,4405,1
6824,6824,1
6825,1279,1
6825,2293,1
6825,4116,1
6825,6664,1
6825,6825,1
6829,4840,1
6829,6829,1
6835,5323,1
6835,6623,1
6835,6835,1
6835,7182,1
6836,6836,1
6849,1420,1
6849,6154,1
6849,6849,1
6850,1420,1
6850,6155,1
6850,6850,1
6861,1364,1
6861,6861,1
6863,5806,1
6863,6863,1
6864,1684,1
6864,5019,1
6864,5049,1
6864,5182,1
6864,6461,1
6864,6864,2
6867,2767,1
6867,5523,1
6867,6867,1
6871,1135,1
6871,3315,1
6871,6871,1
6874,403,1
6874,3211,1
6874,6874,1
6874,7512,1
6875,1662,1
6875,6156,1
6875,6875,1
6875,7676,1
6875,7966,1
6880,3400,1
6880,4300,1
6880,4400,1
6880,6880,1
6884,6599,1
6884,6884,1
6887,5136,1
6887,6887,1
6894,1860,1
6894,3348,1
6894,6894,1
6895,1140,1
6895,3164,1
6895,6895,1
6899,1720,1
6899,1841,1
6899,6899,1
6900,4426,1
6900,6900,1
6903,1391,1
6903,3518,1
6903,6107,1
6903,6903,1
6910,3587,1
6910,4181,1
6910,6910,1
6933,6722,1
6933,6933,1
6943,862,1
6943,6401,1
6943,6943,1
6946,2759,1
6946,6946,1
6947,2141,2
6947,6947,2
6947,7721,2
6954,2350,1
6954,5415,1
6954,6954,1
6955,2906,1
6955,4430,1
6955,6955,1
6956,2699,1
6956,6956,1
6960,1489,1
6960,2906,1
6960,4700,1
6960,6747,1
6960,6960,2
6978,2611,1
6978,5325,1
6978,6978,2
6978,7417,1
6978,7581,1
6978,7628,1
6978,7725,1
6978,7944,1
6984,3047,2
6984,3868,2
6984,6984,2
6984,7335,1
6986,6367,1
6986,6986,1
6986,6987,1
6986,7090,1
6987,6367,1
6987,6986,1
6987,6987,1
6987,7090,1
6991,1139,1
6991,3164,1
6991,6991,1
6991,7012,1
6991,7057,1
6991,7686,1
6993,1726,1
6993,2010,1
6993,2943,1
6993,5963,1
6993,6993,1
7008,1061,1
7008,4723,1
7008,6545,1
7008,7008,1
7012,1138,1
7012,1139,1
7012,3164,2
7012,6991,1
7012,7012,2
7012,7057,1
7012,7668,1
7012,7686,2
7012,7699,1
7012,7868,1
7014,4365,1
7014,7014,1
7014,7179,1
7015,1457,1
7015,3329,1
7015,4458,1
7015,5266,1
7015,7015,1
7015,7292,1
7016,3329,1
7016,7016,1
7017,6522,1
7017,6544,1
7017,7017,1
7017,7292,1
7023,3248,1
7023,3740,1
7023,7023,1
7023,7932,1
7030,967,1
7030,1331,1
7030,3470,1
7030,5544,1
7030,7030,1
7030,7802,1
7057,1139,1
7057,3164,1
7057,6991,1
7057,7012,1
7057,7057,1
7057,7686,1
7059,1745,1
7059,3868,1
7059,5556,1
7059,7059,1
7064,303,1
7064,307,1
7064,4044,1
7064,6666,1
7064,7064,1
7064,7478,1
7067,1257,1
7067,4491,1
7067,7067,1
7076,1482,1
7076,7076,1
7077,389,5
7077,694,3
7077,2547,2
7077,2711,2
7077,7077,5
7078,5147,1
7078,5732,1
7078,7078,1
7081,240,1
7081,1173,1
7081,7081,1
7082,1113,1
7082,6429,1
7082,7082,1
7083,330,1
7083,769,1
7083,6291,1
7083,7083,1
7090,6367,1
7090,6986,1
7090,6987,1
7090,7090,1
7091,4068,1
7091,4975,1
7091,7091,1
7096,321,1
7096,2365,1
7096,7096,1
7100,568,1
7100,632,1
7100,1614,1
7100,7100,1
7108,2268,1
7108,2418,1
7108,3701,1
7108,7108,1
7112,273,1
7112,755,1
7112,1226,1
7112,7112,1
7113,3310,1
7113,7113,1
7115,792,2
7115,3542,1
7115,3717,2
7115,7115,2
7119,715,1
7119,2796,1
7119,5059,1
7119,5801,1
7119,7119,1
7123,1860,1
7123,3348,1
7123,3870,1
7123,7123,1
7129,6490,1
7129,7129,2
7129,7467,2
7139,3513,1
7139,4118,4
7139,7139,4
7140,3661,1
7140,5306,1
7140,7140,1
7140,7954,1
7152,4677,1
7152,7152,1
7152,7618,1
7152,7716,1
7155,780,1
7155,2764,1
7155,3353,1
7155,7155,1
7160,2952,1
7160,6514,1
7160,7160,1
7161,1765,1
7161,7161,1
7177,2474,1
7177,5753,1
7177,7177,1
7179,4365,1
7179,7014,1
7179,7179,1
7180,1013,1
7180,4305,1
7180,7180,1
7182,5323,1
7182,6623,1
7182,6835,1
7182,7182,1
7190,2425,1
7190,5951,1
7190,7190,1
7199,2550,1
7199,5933,1
7199,7199,1
7201,763,1
7201,7201,1
7201,7959,1
7208,2553,1
7208,4105,1
7208,7208,1
7209,3983,1
7209,7209,1
7212,3315,1
7212,4362,1
7212,7212,1
7212,7478,1
7215,2370,1
7215,7215,1
7220,2012,1
7220,6525,1
7220,7220,1
7222,4893,1
7222,5018,1
7222,7222,6
7222,7292,3
7222,7486,2
7241,3074,1
7241,4473,2
7241,5962,2
7241,7241,2
7254,1140,1
7254,3164,1
7254,7254,1
7254,7259,1
7254,7386,1
7254,7650,1
7254,7686,1
7259,1140,1
7259,3164,1
7259,7254,1
7259,7259,1
7259,7386,1
7259,7650,1
7259,7686,1
7268,3884,1
7268,4188,1
7268,5310,1
7268,7268,1
7273,847,1
7273,1783,1
7273,1890,1
7273,7273,1
7287,4204,1
7287,5232,1
7287,7287,1
7292,288,1
7292,529,1
7292,920,2
7292,952,1
7292,1104,1
7292,1113,1
7292,1328,1
7292,1350,1
7292,1457,1
7292,1786,1
7292,2243,1
7292,2279,2
7292,2537,1
7292,3099,1
7292,3118,1
7292,3159,3
7292,3329,5
7292,3780,1
7292,3939,1
7292,4102,1
7292,4363,1
7292,4458,1
7292,4884,1
7292,4893,1
7292,5266,1
7292,5547,1
7292,5615,1
7292,5962,1
7292,6066,3
7292,6522,2
7292,6544,3
7292,6618,1
7292,7015,1
7292,7017,1
7292,7222,3
7292,7292,28
7292,7486,4
7292,7545,1
7292,7575,2
7332,4278,1
7332,5216,1
7332,7332,1
7335,3047,1
7335,3868,1
7335,6984,1
7335,7335,1
7380,3353,1
7380,7380,1
7386,1140,1
7386,3164,1
7386,7254,1
7386,7259,1
7386,7386,1
7386,7650,1
7386,7686,1
7392,5319,1
7392,7392,1
7411,2135,1
7411,6428,1
7411,7411,1
7417,2611,1
7417,5325,1
7417,6978,1
7417,7417,1
7417,7628,1
7418,2405,1
7418,6027,1
7418,7418,1
7421,2356,1
7421,3808,1
7421,7421,1
7433,7433,1
7434,1113,1
7434,6544,1
7434,7434,1
7436,100,3
7436,705,3
7436,1583,1
7436,4875,1
7436,4954,1
7436,5323,3
7436,5869,2
7436,7436,8
7436,7478,1
7441,3464,1
7441,3477,1
7441,5481,1
7441,7441,1
7463,2270,1
7463,7463,1
7463,7954,1
7465,1714,1
7465,3020,1
7465,3128,1
7465,5892,1
7465,7465,1
7467,2339,2
7467,3164,1
7467,6490,1
7467,6798,1
7467,7129,2
7467,7467,7
7467,7829,2
7474,1145,1
7474,6677,1
7474,7474,1
7474,7694,1
7477,3334,1
7477,7477,1
7478,303,1
7478,307,1
7478,988,1
7478,1583,1
7478,2313,1
7478,2379,1
7478,2744,1
7478,2931,1
7478,3315,1
7478,4044,1
7478,4071,1
7478,4357,1
7478,4362,1
7478,4658,1
7478,5348,2
7478,5361,1
7478,5869,1
7478,6171,1
7478,6666,1
7478,7064,1
7478,7212,1
7478,7436,1
7478,7478,7
7480,437,1
7480,4034,1
7480,6777,1
7480,7480,1
7485,3397,1
7485,5864,1
7485,7485,1
7486,3329,2
7486,4893,1
7486,7222,2
7486,7292,4
7486,7486,4
7512,403,1
7512,3211,1
7512,6874,1
7512,7512,1
7516,3201,1
7516,7516,1
7519,6813,1
7519,7519,1
7531,3163,1
7531,7531,1
7542,3021,1
7542,7542,1
7545,5,1
7545,2951,1
7545,3047,1
7545,3939,1
7545,5547,1
7545,7292,1
7545,7545,2
7570,223,1
7570,5931,1
7570,7570,1
7575,2243,1
7575,2537,1
7575,7292,2
7575,7575,2
7576,7576,1
7576,7841,1
7581,5323,1
7581,6978,1
7581,7581,4
7581,7725,1
7581,7944,4
7582,2142,1
7582,2354,1
7582,5730,1
7582,7582,1
7588,7588,1
7588,7735,1
7599,2840,1
7599,4625,1
7599,7599,1
7604,351,1
7604,7604,1
7618,4677,1
7618,7152,1
7618,7618,1
7618,7716,1
7628,2611,1
7628,5325,1
7628,6978,1
7628,7417,1
7628,7628,1
7641,3697,1
7641,3848,1
7641,7641,1
7650,1140,1
7650,3164,1
7650,7254,1
7650,7259,1
7650,7386,1
7650,7650,1
7650,7686,1
7652,3649,1
7652,7652,1
7658,6063,1
7658,7658,1
7666,3098,1
7666,3983,1
7666,7666,1
7668,1138,1
7668,3164,1
7668,7012,1
7668,7668,1
7668,7686,1
7668,7699,1
7668,7868,1
7676,1662,1
7676,6156,1
7676,6875,1
7676,7676,1
7676,7966,1
7686,1138,1
7686,1139,1
7686,1140,2
7686,2999,1
7686,3061,1
7686,3164,4
7686,4324,1
7686,6991,1
7686,7012,2
7686,7057,1
7686,7254,1
7686,7259,1
7686,7386,1
7686,7650,1
7686,7668,1
7686,7686,6
7686,7699,3
7686,7771,1
7686,7790,1
7686,7822,1
7686,7868,2
7687,2333,1
7687,3091,1
7687,5964,1
7687,7687,1
7694,1145,1
7694,6677,1
7694,7474,1
7694,7694,1
7698,774,1
7698,1043,1
7698,1548,1
7698,3681,1
7698,7698,1
7699,1138,1
7699,1140,1
7699,3061,1
7699,3164,2
7699,4324,1
7699,7012,1
7699,7668,1
7699,7686,3
7699,7699,3
7699,7790,1
7699,7868,2
7710,804,1
7710,6345,1
7710,7710,1
7716,4677,1
7716,7152,1
7716,7618,1
7716,7716,1
7721,2141,2
7721,6947,2
7721,7721,2
7724,1131,1
7724,3805,1
7724,7724,2
7725,3159,1
7725,6978,1
7725,7581,1
7725,7725,3
7725,7944,1
7729,4584,1
7729,4751,1
7729,6300,1
7729,7729,1
7735,7588,1
7735,7735,1
7737,1496,1
7737,7737,1
7738,7738,1
7743,513,1
7743,4422,1
7743,7743,1
7750,2906,1
7750,7750,1
7751,6113,1
7751,7751,1
7754,1827,1
7754,3298,1
7754,3369,1
7754,3746,1
7754,6278,1
7754,6511,1
7754,7754,2
7755,4141,1
7755,4796,1
7755,6097,1
7755,7755,1
7771,2999,1
7771,7686,1
7771,7771,1
7771,7822,1
7774,1012,1
7774,1015,1
7774,1140,1
7774,3850,1
7774,3913,1
7774,5973,1
7774,7774,1
7774,7790,1
7788,4713,1
7788,7788,1
7788,7796,1
7790,1012,1
7790,1015,1
7790,1140,2
7790,3061,1
7790,3850,1
7790,3913,1
7790,4324,1
7790,5973,1
7790,7686,1
7790,7699,1
7790,7774,1
7790,7790,2
7792,3805,1
7792,7792,1
7796,4713,1
7796,7788,1
7796,7796,1
7802,967,1
7802,1331,1
7802,3470,1
7802,5544,1
7802,7030,1
7802,7802,1
7817,3641,1
7817,7817,1
7822,2999,1
7822,7686,1
7822,7771,1
7822,7822,1
7829,3164,1
7829,7467,2
7829,7829,2
7841,4057,1
7841,7576,1
7841,7841,2
7868,1138,1
7868,3164,2
7868,7012,1
7868,7668,1
7868,7686,2
7868,7699,2
7868,7868,2
7893,1500,1
7893,2456,1
7893,4446,1
7893,7893,1
7903,1115,1
7903,2006,1
7903,7903,1
7922,1597,1
7922,2170,1
7922,7922,1
7932,3248,1
7932,3740,1
7932,7023,1
7932,7932,1
7934,3492,1
7934,7934,1
7937,1537,1
7937,2530,1
7937,7937,1
7942,324,1
7942,359,1
7942,527,1
7942,592,1
7942,734,1
7942,1281,1
7942,1873,1
7942,1919,1
7942,2478,1
7942,3425,1
7942,3444,1
7942,3738,3
7942,4736,1
7942,6077,1
7942,6478,1
7942,6503,4
7942,7942,7
7943,1245,1
7943,6309,1
7943,7943,1
7944,5323,1
7944,6978,1
7944,7581,4
7944,7725,1
7944,7944,4
7948,5515,1
7948,6422,1
7948,7948,1
7954,2270,1
7954,3661,1
7954,5306,1
7954,7140,1
7954,7463,1
7954,7954,2
7959,763,1
7959,7201,1
7959,7959,1
7963,526,1
7963,5158,1
7963,7963,1
7964,660,1
7964,720,1
7964,2210,1
7964,4374,1
7964,7964,1
7966,1662,1
7966,6156,1
7966,6875,1
7966,7676,1
7966,7966,1
7967,2091,1
7967,4400,1
7967,5798,1
7967,6517,1
7967,7967,1
7971,1185,1
7971,1218,1
7971,2517,1
7971,5552,1
7971,5589,1
7971,7971,1
7972,1258,1
7972,7972,1
7973,3701,1
7973,6758,1
7973,7973,1